날짜,종가,오픈,고가,저가,거래량,변동 %
2018-01-02,"2,196.13","2,196.95","2,200.50","2,186.72",20.65M,0.21%
2018-01-03,"2,205.53","2,208.17","2,216.12","2,201.47",27.05M,0.43%
2018-01-04,"2,186.16","2,222.49","2,222.49","2,184.23",30.20M,-0.88%
2018-01-05,"2,217.34","2,196.17","2,217.45","2,194.16",25.19M,1.43%
2018-01-08,"2,234.13","2,230.01","2,235.89","2,213.06",27.37M,0.76%
2018-01-09,"2,220.78","2,228.76","2,241.05","2,208.49",29.31M,-0.60%
2018-01-10,"2,191.80","2,224.35","2,225.22","2,189.39",34.99M,-1.30%
2018-01-11,"2,178.50","2,184.42","2,195.57","2,174.60",27.95M,-0.61%
2018-01-12,"2,183.41","2,189.51","2,190.22","2,161.21",31.04M,0.23%
2018-01-15,"2,187.23","2,195.53","2,199.26","2,178.32",23.47M,0.17%
2018-01-16,"2,210.63","2,188.60","2,213.96","2,184.18",31.23M,1.07%
2018-01-17,"2,207.19","2,206.56","2,213.87","2,197.72",30.49M,-0.16%
2018-01-18,"2,208.56","2,221.10","2,228.00","2,206.28",30.59M,0.06%
2018-01-19,"2,208.32","2,214.56","2,218.71","2,199.80",26.05M,-0.01%
2018-01-22,"2,181.37","2,201.37","2,201.37","2,171.69",27.62M,-1.22%
2018-01-23,"2,210.05","2,189.89","2,210.05","2,187.88",35.40M,1.31%
2018-01-24,"2,209.99","2,205.65","2,220.36","2,201.32",28.65M,0.00%
2018-01-25,"2,231.49","2,208.44","2,233.97","2,207.97",31.62M,0.97%
2018-01-26,"2,238.96","2,229.49","2,238.96","2,218.06",29.66M,0.33%
2018-01-29,"2,254.32","2,252.67","2,262.36","2,247.60",27.73M,0.69%
2018-01-30,"2,218.56","2,241.00","2,247.76","2,218.52",30.24M,-1.59%
2018-01-31,"2,221.44","2,213.92","2,262.55","2,208.62",37.61M,0.13%
2018-02-01,"2,220.91","2,234.33","2,238.01","2,219.80",25.98M,-0.02%
2018-02-02,"2,174.74","2,214.62","2,214.62","2,170.97",31.07M,-2.08%
2018-02-05,"2,158.02","2,141.39","2,165.25","2,131.58",32.61M,-0.77%
2018-02-06,"2,121.39","2,115.15","2,131.57","2,089.79",38.89M,-1.70%
2018-02-07,"2,072.21","2,149.64","2,149.74","2,072.06",34.87M,-2.32%
2018-02-08,"2,079.87","2,075.85","2,098.57","2,072.02",33.27M,0.37%
2018-02-09,"2,029.39","2,026.14","2,043.59","2,022.10",34.20M,-2.43%
2018-02-12,"2,058.69","2,044.94","2,069.07","2,036.63",25.32M,1.44%
2018-02-13,"2,088.32","2,076.17","2,108.91","2,072.03",33.61M,1.44%
2018-02-14,"2,115.88","2,106.15","2,123.78","2,103.75",23.58M,1.32%
2018-02-19,"2,124.12","2,143.90","2,146.16","2,109.84",20.98M,0.39%
2018-02-20,"2,098.33","2,113.90","2,116.50","2,093.52",15.50M,-1.21%
2018-02-21,"2,108.48","2,100.33","2,112.15","2,084.68",22.01M,0.48%
2018-02-22,"2,093.83","2,097.55","2,102.81","2,087.25",17.98M,-0.69%
2018-02-23,"2,124.29","2,105.28","2,124.61","2,105.28",20.72M,1.45%
2018-02-26,"2,127.97","2,135.26","2,135.70","2,120.10",23.28M,0.17%
2018-02-27,"2,125.80","2,143.68","2,151.41","2,125.80",24.01M,-0.10%
2018-02-28,"2,100.84","2,121.19","2,133.19","2,100.48",34.07M,-1.17%
2018-03-02,"2,072.13","2,084.97","2,086.79","2,062.76",24.48M,-1.37%
2018-03-05,"2,048.18","2,073.29","2,076.51","2,046.88",19.64M,-1.16%
2018-03-06,"2,090.92","2,073.10","2,092.38","2,065.37",29.68M,2.09%
2018-03-07,"2,103.07","2,100.56","2,120.64","2,084.70",31.25M,0.58%
2018-03-08,"2,127.00","2,120.87","2,127.00","2,099.07",33.48M,1.14%
2018-03-09,"2,139.45","2,135.14","2,160.44","2,126.96",35.46M,0.59%
2018-03-12,"2,157.74","2,165.54","2,167.60","2,153.54",27.30M,0.85%
2018-03-13,"2,182.93","2,163.87","2,182.93","2,159.33",33.90M,1.17%
2018-03-14,"2,178.01","2,167.52","2,181.29","2,164.96",26.85M,-0.23%
2018-03-15,"2,181.63","2,179.16","2,187.56","2,162.07",24.86M,0.17%
2018-03-16,"2,182.16","2,181.98","2,185.33","2,163.53",30.28M,0.02%
2018-03-19,"2,163.38","2,179.15","2,181.85","2,158.47",22.87M,-0.86%
2018-03-20,"2,175.00","2,145.03","2,175.00","2,144.63",21.13M,0.54%
2018-03-21,"2,172.38","2,178.88","2,182.02","2,172.11",22.67M,-0.12%
2018-03-22,"2,183.33","2,181.87","2,189.80","2,171.94",26.24M,0.50%
2018-03-23,"2,109.38","2,137.54","2,141.14","2,104.70",34.81M,-3.39%
2018-03-26,"2,124.00","2,103.72","2,124.00","2,091.54",27.91M,0.69%
2018-03-27,"2,130.63","2,139.23","2,140.72","2,122.15",30.47M,0.31%
2018-03-28,"2,097.36","2,102.65","2,105.65","2,085.72",31.49M,-1.56%
2018-03-29,"2,112.18","2,098.28","2,117.26","2,089.91",30.72M,0.71%
2018-03-30,"2,114.30","2,127.81","2,133.48","2,114.15",27.58M,0.10%
2018-04-02,"2,109.38","2,120.68","2,129.29","2,107.67",24.72M,-0.23%
2018-04-03,"2,101.25","2,088.78","2,101.25","2,078.71",36.80M,-0.39%
2018-04-04,"2,068.43","2,108.24","2,108.24","2,067.16",33.66M,-1.56%
2018-04-05,"2,101.93","2,085.46","2,113.45","2,078.99",24.39M,1.62%
2018-04-06,"2,090.86","2,082.30","2,096.67","2,077.14",24.86M,-0.53%
2018-04-09,"2,103.67","2,085.70","2,107.34","2,085.70",23.97M,0.61%
2018-04-10,"2,105.57","2,097.10","2,112.64","2,075.89",28.79M,0.09%
2018-04-11,"2,096.81","2,114.02","2,117.15","2,093.30",29.78M,-0.42%
2018-04-12,"2,099.57","2,103.46","2,109.87","2,097.07",30.16M,0.13%
2018-04-13,"2,111.99","2,109.52","2,120.19","2,107.29",26.76M,0.59%
2018-04-16,"2,113.74","2,123.16","2,123.16","2,106.73",20.01M,0.08%
2018-04-17,"2,109.34","2,115.19","2,122.77","2,105.26",24.12M,-0.21%
2018-04-18,"2,138.31","2,124.31","2,142.12","2,124.15",24.73M,1.37%
2018-04-19,"2,149.91","2,143.43","2,153.70","2,137.03",30.91M,0.54%
2018-04-20,"2,129.98","2,137.80","2,142.96","2,125.58",29.62M,-0.93%
2018-04-23,"2,129.83","2,122.58","2,131.41","2,117.61",34.30M,-0.01%
2018-04-24,"2,110.83","2,130.97","2,131.24","2,101.96",30.59M,-0.89%
2018-04-25,"2,101.08","2,090.64","2,101.41","2,084.96",26.09M,-0.46%
2018-04-26,"2,131.57","2,112.81","2,137.60","2,108.70",33.29M,1.45%
2018-04-27,"2,153.52","2,156.77","2,166.40","2,143.87",30.55M,1.03%
2018-04-30,"2,165.77","2,158.64","2,165.90","2,156.38",28.97M,0.57%
2018-05-02,"2,153.48","2,164.69","2,165.23","2,150.46",35.29M,-0.57%
2018-05-03,"2,144.70","2,157.41","2,158.48","2,144.70",25.05M,-0.41%
2018-05-04,"2,111.17","2,146.42","2,148.28","2,111.17",68.62M,-1.56%
2018-05-08,"2,108.31","2,118.16","2,132.43","2,101.16",52.46M,-0.14%
2018-05-09,"2,094.23","2,108.23","2,109.74","2,083.87",44.07M,-0.67%
2018-05-10,"2,111.01","2,109.08","2,114.63","2,096.83",44.32M,0.80%
2018-05-11,"2,113.69","2,115.87","2,127.32","2,111.62",31.73M,0.13%
2018-05-14,"2,098.25","2,114.01","2,116.53","2,093.44",37.47M,-0.73%
2018-05-15,"2,078.20","2,098.92","2,103.03","2,075.73",41.07M,-0.96%
2018-05-16,"2,092.59","2,075.27","2,097.26","2,075.25",40.02M,0.69%
2018-05-17,"2,082.27","2,104.17","2,104.96","2,082.27",30.91M,-0.49%
2018-05-18,"2,085.82","2,090.82","2,092.78","2,081.79",26.46M,0.17%
2018-05-21,"2,095.17","2,088.30","2,102.01","2,074.28",27.21M,0.45%
2018-05-23,"2,117.76","2,102.49","2,122.96","2,099.16",50.30M,1.08%
2018-05-24,"2,110.60","2,120.32","2,123.63","2,103.86",30.64M,-0.34%
2018-05-25,"2,125.35","2,101.38","2,130.20","2,100.71",40.56M,0.70%
2018-05-28,"2,117.62","2,123.72","2,129.82","2,115.44",37.05M,-0.36%
2018-05-29,"2,099.00","2,115.60","2,122.63","2,098.52",31.88M,-0.88%
2018-05-30,"2,049.53","2,087.61","2,091.04","2,041.61",53.44M,-2.36%
2018-05-31,"2,059.88","2,069.11","2,070.43","2,052.29",108.24M,0.50%
2018-06-01,"2,077.37","2,051.63","2,083.16","2,050.42",38.89M,0.85%
2018-06-04,"2,088.32","2,077.62","2,091.55","2,073.82",36.66M,0.53%
2018-06-05,"2,094.67","2,090.64","2,096.55","2,075.61",31.73M,0.30%
2018-06-07,"2,105.95","2,111.28","2,118.22","2,100.86",42.85M,0.54%
2018-06-08,"2,087.48","2,098.26","2,102.42","2,084.07",45.34M,-0.88%
2018-06-11,"2,098.90","2,088.34","2,100.38","2,078.33",33.25M,0.55%
2018-06-12,"2,096.31","2,102.44","2,105.39","2,092.03",36.82M,-0.12%
2018-06-14,"2,060.63","2,083.48","2,083.95","2,059.70",55.97M,-1.70%
2018-06-15,"2,043.57","2,068.90","2,069.60","2,043.57",51.31M,-0.83%
2018-06-18,"2,023.67","2,042.66","2,043.58","2,012.87",47.00M,-0.97%
2018-06-19,"2,002.38","2,022.13","2,026.90","1,997.47",44.92M,-1.05%
2018-06-20,"2,018.10","2,014.85","2,030.41","2,006.87",44.16M,0.79%
2018-06-21,"1,999.42","2,020.67","2,025.40","1,999.42",38.88M,-0.93%
2018-06-22,"2,018.40","1,983.36","2,018.62","1,982.72",36.63M,0.95%
2018-06-25,"2,010.38","2,011.70","2,015.56","1,995.92",33.05M,-0.40%
2018-06-26,"2,011.24","1,989.18","2,018.02","1,987.69",37.81M,0.04%
2018-06-27,"2,013.86","2,012.87","2,027.29","2,006.85",41.96M,0.13%
2018-06-28,"1,981.07","1,993.33","1,998.46","1,977.10",38.30M,-1.63%
2018-06-29,"1,990.06","1,985.94","1,996.27","1,968.06",40.92M,0.45%
2018-07-02,"1,949.37","1,987.80","1,995.40","1,949.37",37.01M,-2.04%
2018-07-03,"1,954.57","1,962.35","1,963.82","1,940.43",33.20M,0.27%
2018-07-04,"1,947.28","1,959.42","1,966.01","1,945.91",27.88M,-0.37%
2018-07-05,"1,944.92","1,945.85","1,956.36","1,933.59",25.26M,-0.12%
2018-07-06,"1,945.95","1,946.77","1,957.74","1,929.78",46.51M,0.05%
2018-07-09,"1,967.22","1,953.75","1,976.60","1,947.53",34.11M,1.09%
2018-07-10,"1,974.54","1,980.62","1,986.71","1,971.65",32.75M,0.37%
2018-07-11,"1,963.11","1,958.80","1,968.21","1,945.51",42.14M,-0.58%
2018-07-12,"1,962.68","1,964.72","1,977.61","1,957.27",39.86M,-0.02%
2018-07-13,"1,992.01","1,972.07","1,994.87","1,972.07",37.50M,1.49%
2018-07-16,"1,986.32","1,992.70","2,000.47","1,984.83",26.81M,-0.29%
2018-07-17,"1,984.68","1,986.57","1,993.69","1,975.59",37.35M,-0.08%
2018-07-18,"1,988.02","2,001.84","2,011.74","1,985.08",34.96M,0.17%
2018-07-19,"1,989.01","1,996.83","2,000.60","1,986.70",35.71M,0.05%
2018-07-20,"1,996.55","1,988.43","2,000.72","1,976.04",34.74M,0.38%
2018-07-23,"1,976.99","1,993.65","1,993.65","1,971.42",40.80M,-0.98%
2018-07-24,"1,976.53","1,977.87","1,981.58","1,965.25",33.51M,-0.02%
2018-07-25,"1,970.49","1,979.25","1,987.67","1,966.52",36.30M,-0.31%
2018-07-26,"1,986.04","1,977.95","1,993.58","1,969.69",37.08M,0.79%
2018-07-27,"1,991.65","1,986.15","1,991.87","1,979.82",27.39M,0.28%
2018-07-30,"1,986.95","1,985.11","1,990.56","1,977.92",22.80M,-0.24%
2018-07-31,"1,986.26","1,983.79","1,988.83","1,978.22",28.41M,-0.03%
2018-08-01,"1,993.23","1,992.12","2,002.53","1,988.89",27.37M,0.35%
2018-08-02,"1,956.86","1,990.39","1,991.21","1,952.90",30.14M,-1.82%
2018-08-03,"1,967.42","1,962.24","1,968.98","1,956.00",25.93M,0.54%
2018-08-06,"1,966.06","1,969.64","1,979.73","1,963.84",31.43M,-0.07%
2018-08-07,"1,982.89","1,970.53","1,984.46","1,963.02",35.42M,0.86%
2018-08-08,"1,985.99","1,989.86","1,994.08","1,982.72",36.90M,0.16%
2018-08-09,"1,987.67","1,985.37","1,987.67","1,974.29",42.68M,0.08%
2018-08-10,"1,955.69","1,974.00","1,975.93","1,951.81",44.17M,-1.61%
2018-08-13,"1,933.18","1,938.25","1,944.23","1,920.07",34.15M,-1.15%
2018-08-14,"1,939.58","1,933.33","1,943.95","1,930.62",29.96M,0.33%
2018-08-16,"1,918.93","1,908.07","1,925.05","1,899.98",38.35M,-1.06%
2018-08-17,"1,919.72","1,920.33","1,925.27","1,915.19",24.74M,0.04%
2018-08-20,"1,918.66","1,926.21","1,934.12","1,914.94",26.36M,-0.06%
2018-08-21,"1,941.97","1,917.32","1,945.47","1,913.88",34.31M,1.21%
2018-08-22,"1,953.61","1,945.83","1,958.25","1,942.97",36.98M,0.60%
2018-08-23,"1,961.92","1,960.78","1,962.47","1,948.20",26.47M,0.43%
2018-08-24,"1,969.61","1,953.82","1,971.77","1,949.85",27.09M,0.39%
2018-08-27,"1,980.44","1,975.46","1,983.95","1,969.85",26.56M,0.55%
2018-08-28,"1,980.03","1,993.40","1,993.87","1,975.59",29.63M,-0.02%
2018-08-29,"1,985.60","1,979.76","1,986.15","1,973.99",23.16M,0.28%
2018-08-30,"1,987.70","1,987.18","2,000.37","1,979.45",31.93M,0.11%
2018-08-31,"2,003.55","1,975.69","2,003.55","1,973.24",34.19M,0.80%
2018-09-03,"1,982.73","1,996.01","1,996.46","1,978.43",24.88M,-1.04%
2018-09-04,"1,992.80","1,984.87","1,995.78","1,979.49",23.24M,0.51%
2018-09-05,"1,963.97","1,984.89","1,986.85","1,960.79",31.90M,-1.45%
2018-09-06,"1,958.64","1,956.71","1,968.00","1,951.87",33.78M,-0.27%
2018-09-07,"1,943.11","1,938.34","1,950.43","1,929.75",46.96M,-0.79%
2018-09-10,"1,946.88","1,940.73","1,949.92","1,939.65",30.88M,0.19%
2018-09-11,"1,935.94","1,944.28","1,953.96","1,930.81",33.00M,-0.56%
2018-09-12,"1,933.81","1,936.84","1,940.59","1,926.29",35.40M,-0.11%
2018-09-13,"1,932.07","1,934.35","1,940.05","1,928.31",47.47M,-0.09%
2018-09-14,"1,967.90","1,952.37","1,968.44","1,951.15",37.11M,1.85%
2018-09-17,"1,954.38","1,964.01","1,965.84","1,946.83",27.07M,-0.69%
2018-09-18,"1,961.46","1,939.25","1,964.69","1,939.25",34.62M,0.36%
2018-09-19,"1,969.19","1,973.00","1,973.00","1,959.80",39.49M,0.39%
2018-09-20,"1,989.98","1,974.37","1,999.53","1,972.81",41.80M,1.06%
2018-09-21,"2,000.10","1,992.05","2,000.10","1,986.39",59.20M,0.51%
2018-09-27,"2,010.67","1,989.45","2,010.67","1,989.29",51.46M,0.53%
2018-09-28,"1,992.62","2,008.76","2,009.46","1,988.87",53.26M,-0.90%
2018-10-01,"1,991.88","2,000.17","2,003.29","1,983.95",33.24M,-0.04%
2018-10-02,"1,965.48","1,993.16","1,996.20","1,964.74",33.17M,-1.33%
2018-10-04,"1,930.34","1,961.17","1,961.19","1,927.63",47.57M,-1.79%
2018-10-05,"1,930.13","1,930.22","1,939.67","1,918.29",39.40M,-0.01%
2018-10-08,"1,925.12","1,921.02","1,938.60","1,921.02",26.92M,-0.26%
2018-10-10,"1,918.72","1,927.63","1,931.29","1,912.26",48.87M,-0.33%
2018-10-11,"1,835.16","1,879.14","1,884.62","1,835.16",63.40M,-4.35%
2018-10-12,"1,864.05","1,840.15","1,877.68","1,838.22",46.24M,1.57%
2018-10-15,"1,847.45","1,856.59","1,857.67","1,842.38",31.26M,-0.89%
2018-10-16,"1,844.60","1,858.57","1,863.37","1,839.34",25.61M,-0.15%
2018-10-17,"1,866.00","1,864.66","1,877.78","1,860.24",32.92M,1.16%
2018-10-18,"1,848.81","1,855.59","1,864.87","1,848.45",30.04M,-0.92%
2018-10-19,"1,857.79","1,832.63","1,860.35","1,827.06",31.91M,0.49%
2018-10-22,"1,862.89","1,844.82","1,867.62","1,841.30",25.55M,0.27%
2018-10-23,"1,819.91","1,847.93","1,848.02","1,807.68",42.37M,-2.31%
2018-10-24,"1,809.99","1,828.57","1,828.97","1,805.27",46.54M,-0.55%
2018-10-25,"1,776.78","1,761.94","1,780.76","1,755.26",65.38M,-1.83%
2018-10-26,"1,756.66","1,779.04","1,779.04","1,740.07",51.92M,-1.13%
2018-10-29,"1,745.09","1,756.71","1,771.82","1,742.87",47.65M,-0.66%
2018-10-30,"1,761.16","1,738.04","1,777.90","1,738.04",53.50M,0.92%
2018-10-31,"1,770.64","1,770.12","1,770.64","1,750.19",52.07M,0.54%
2018-11-01,"1,762.26","1,776.09","1,788.49","1,761.39",40.90M,-0.47%
2018-11-02,"1,825.69","1,784.82","1,826.33","1,782.08",47.23M,3.60%
2018-11-05,"1,807.67","1,808.52","1,810.48","1,783.62",34.62M,-0.99%
2018-11-06,"1,816.47","1,812.55","1,818.48","1,795.31",27.35M,0.49%
2018-11-07,"1,813.06","1,813.27","1,829.31","1,809.64",35.92M,-0.19%
2018-11-08,"1,819.78","1,841.74","1,850.72","1,819.45",41.82M,0.37%
2018-11-09,"1,816.00","1,820.66","1,831.32","1,812.46",34.97M,-0.21%
2018-11-11,"1,816.00","1,816.00","1,816.00","1,816.00",,0.00%
2018-11-12,"1,818.41","1,797.03","1,822.71","1,797.03",35.85M,0.13%
2018-11-13,"1,803.97","1,787.83","1,805.01","1,770.82",36.65M,-0.79%
2018-11-14,"1,798.93","1,802.41","1,806.34","1,791.16",32.14M,-0.28%
2018-11-15,"1,812.77","1,791.34","1,813.82","1,789.51",27.96M,0.77%
2018-11-16,"1,811.51","1,823.01","1,825.76","1,807.17",27.74M,-0.07%
2018-11-18,"1,811.51","1,811.51","1,811.51","1,811.51",,0.00%
2018-11-19,"1,810.30","1,812.22","1,824.60","1,801.63",27.75M,-0.07%
2018-11-20,"1,787.91","1,781.92","1,795.11","1,780.65",33.22M,-1.24%
2018-11-21,"1,774.68","1,763.17","1,776.44","1,755.27",33.63M,-0.74%
2018-11-22,"1,774.47","1,776.51","1,782.04","1,769.89",26.39M,-0.01%
2018-11-23,"1,765.36","1,776.00","1,778.57","1,754.31",20.65M,-0.51%
2018-11-25,"1,765.36","1,765.36","1,765.36","1,765.36",,0.00%
2018-11-26,"1,787.72","1,763.28","1,787.90","1,763.28",29.34M,1.27%
2018-11-27,"1,805.43","1,795.26","1,807.06","1,785.19",31.45M,0.99%
2018-11-28,"1,814.10","1,808.22","1,815.08","1,800.08",32.00M,0.48%
2018-11-29,"1,818.27","1,838.81","1,841.86","1,812.92",33.99M,0.23%
2018-11-30,"1,795.70","1,821.06","1,829.50","1,792.73",55.23M,-1.24%
2018-12-02,"1,795.70","1,795.70","1,795.70","1,795.70",,0.00%
2018-12-03,"1,828.87","1,825.26","1,835.03","1,812.12",36.04M,1.85%
2018-12-04,"1,806.77","1,819.85","1,823.11","1,798.73",38.31M,-1.21%
2018-12-05,"1,794.16","1,781.45","1,799.86","1,781.10",31.82M,-0.70%
2018-12-06,"1,764.37","1,782.57","1,782.94","1,761.58",39.80M,-1.66%
2018-12-07,"1,772.38","1,775.98","1,780.61","1,764.91",31.16M,0.45%
2018-12-09,"1,772.38","1,772.38","1,772.38","1,772.38",,0.00%
2018-12-10,"1,751.51","1,749.05","1,755.17","1,740.59",39.05M,-1.18%
2018-12-11,"1,747.62","1,755.09","1,755.59","1,742.35",36.23M,-0.22%
2018-12-12,"1,771.39","1,755.13","1,774.29","1,753.12",40.45M,1.36%
2018-12-13,"1,774.29","1,775.57","1,787.57","1,769.19",72.67M,0.16%
2018-12-14,"1,744.10","1,776.59","1,776.59","1,736.91",47.51M,-1.70%
2018-12-16,"1,744.10","1,744.10","1,744.10","1,744.10",,0.00%
2018-12-17,"1,749.85","1,743.57","1,756.71","1,740.75",33.09M,0.33%
2018-12-18,"1,742.53","1,736.05","1,753.12","1,733.67",36.64M,-0.42%
2018-12-19,"1,758.50","1,747.15","1,759.84","1,743.44",33.68M,0.92%
2018-12-20,"1,739.15","1,742.25","1,750.90","1,730.32",37.16M,-1.10%
2018-12-21,"1,741.89","1,729.84","1,741.89","1,726.36",43.20M,0.16%
2018-12-23,"1,741.89","1,741.89","1,741.89","1,741.89",,0.00%
2018-12-24,"1,740.00","1,731.88","1,743.82","1,727.94",27.46M,-0.11%
2018-12-25,"1,740.00","1,740.00","1,740.00","1,740.00",,0.00%
2018-12-26,"1,721.33","1,718.28","1,729.27","1,710.85",40.26M,-1.07%
2018-12-27,"1,714.23","1,725.39","1,725.91","1,709.61",36.85M,-0.41%
2018-12-28,"1,723.22","1,721.81","1,729.41","1,718.64",28.28M,0.52%
2019-01-01,"1,723.22","1,723.22","1,723.22","1,723.22",,0.00%
2019-01-02,"1,701.16","1,732.45","1,735.81","1,696.01",29.72M,-1.28%
2019-01-03,"1,684.17","1,699.38","1,704.72","1,681.52",38.47M,-1.00%
2019-01-04,"1,696.43","1,683.37","1,697.42","1,676.71",42.60M,0.73%
2019-01-06,"1,696.43","1,696.43","1,696.43","1,696.43",,0.00%
2019-01-07,"1,721.79","1,717.45","1,730.10","1,715.12",45.41M,1.49%
2019-01-08,"1,709.31","1,716.59","1,729.81","1,707.42",41.10M,-0.72%
2019-01-09,"1,752.09","1,718.42","1,754.38","1,717.53",43.19M,2.50%
2019-01-10,"1,754.61","1,753.72","1,761.91","1,748.00",45.05M,0.14%
2019-01-11,"1,766.31","1,761.74","1,768.84","1,755.43",32.08M,0.67%
2019-01-13,"1,766.31","1,766.31","1,766.31","1,766.31",,0.00%
2019-01-14,"1,748.57","1,759.75","1,762.83","1,743.13",30.65M,-1.00%
2019-01-15,"1,784.62","1,752.18","1,784.71","1,749.78",32.85M,2.06%
2019-01-16,"1,794.46","1,784.17","1,794.86","1,776.94",28.95M,0.55%
2019-01-17,"1,802.28","1,796.47","1,808.82","1,793.92",35.99M,0.44%
2019-01-18,"1,813.66","1,808.68","1,815.37","1,806.67",31.82M,0.63%
2019-01-20,"1,813.66","1,813.66","1,813.66","1,813.66",,0.00%
2019-01-21,"1,815.26","1,820.23","1,821.83","1,801.03",35.46M,0.09%
2019-01-22,"1,806.43","1,815.23","1,818.66","1,797.40",31.72M,-0.49%
2019-01-23,"1,811.48","1,795.90","1,817.22","1,792.83",32.49M,0.28%
2019-01-24,"1,834.19","1,815.45","1,834.19","1,813.37",41.45M,1.25%
2019-01-25,"1,871.84","1,841.56","1,871.84","1,840.68",50.99M,2.05%
2019-01-27,"1,871.84","1,871.84","1,871.84","1,871.84",,0.00%
2019-01-28,"1,871.68","1,878.14","1,884.26","1,863.24",41.59M,-0.01%
2019-01-29,"1,883.79","1,867.70","1,883.79","1,858.95",37.92M,0.65%
2019-01-30,"1,910.25","1,881.33","1,910.25","1,876.78",47.07M,1.40%
2019-01-31,"1,902.81","1,924.09","1,925.93","1,902.81",57.41M,-0.39%
2019-02-01,"1,903.00","1,911.85","1,922.33","1,900.29",40.39M,0.01%
2019-02-06,"1,903.00","1,903.00","1,903.00","1,903.00",,0.00%
2019-02-07,"1,900.95","1,914.98","1,916.39","1,898.52",38.81M,-0.11%
2019-02-08,"1,869.36","1,887.48","1,888.50","1,866.30",36.13M,-1.66%
2019-02-10,"1,869.36","1,869.36","1,869.36","1,869.36",,0.00%
2019-02-11,"1,874.30","1,869.56","1,874.55","1,858.11",36.37M,0.26%
2019-02-12,"1,887.42","1,873.72","1,891.73","1,868.12",39.29M,0.70%
2019-02-13,"1,895.65","1,897.62","1,901.14","1,890.14",37.94M,0.44%
2019-02-14,"1,924.00","1,891.21","1,924.00","1,883.15",49.56M,1.50%
2019-02-15,"1,888.28","1,907.83","1,907.83","1,879.96",34.84M,-1.86%
2019-02-17,"1,888.28","1,888.28","1,888.28","1,888.28",,0.00%
2019-02-18,"1,899.99","1,899.52","1,909.28","1,891.25",29.93M,0.62%
2019-02-19,"1,891.84","1,895.11","1,899.64","1,879.51",23.89M,-0.43%
2019-02-20,"1,916.40","1,903.85","1,922.27","1,902.48",39.64M,1.30%
2019-02-21,"1,918.64","1,908.78","1,924.41","1,901.00",33.64M,0.12%
2019-02-22,"1,919.80","1,909.10","1,919.80","1,903.13",27.54M,0.06%
2019-02-25,"1,920.08","1,927.74","1,928.63","1,911.25",26.85M,0.01%
2019-02-26,"1,911.29","1,916.14","1,920.84","1,904.96",31.23M,-0.46%
2019-02-27,"1,916.39","1,918.04","1,922.93","1,913.24",32.57M,0.27%
2019-02-28,"1,884.17","1,910.57","1,912.16","1,884.17",62.33M,-1.68%
2019-03-04,"1,872.81","1,901.85","1,904.23","1,870.47",46.36M,-0.60%
2019-03-05,"1,857.36","1,866.16","1,869.63","1,852.36",34.47M,-0.82%
2019-03-06,"1,855.36","1,855.32","1,856.70","1,847.43",35.19M,-0.11%
2019-03-07,"1,851.65","1,850.66","1,866.42","1,842.44",34.61M,-0.20%
2019-03-08,"1,824.68","1,840.34","1,846.23","1,824.64",31.54M,-1.46%
2019-03-11,"1,824.76","1,830.76","1,836.16","1,819.54",30.50M,0.00%
2019-03-12,"1,845.00","1,840.99","1,850.71","1,838.29",30.94M,1.11%
2019-03-13,"1,830.61","1,838.17","1,839.15","1,816.95",27.44M,-0.78%
2019-03-14,"1,833.63","1,835.08","1,839.91","1,820.76",48.90M,0.16%
2019-03-15,"1,854.58","1,832.30","1,857.75","1,831.63",56.11M,1.14%
2019-03-18,"1,852.71","1,855.86","1,859.88","1,846.15",25.32M,-0.10%
2019-03-19,"1,853.29","1,854.16","1,855.34","1,843.41",24.44M,0.03%
2019-03-20,"1,855.74","1,846.14","1,856.53","1,829.92",29.11M,0.13%
2019-03-21,"1,882.88","1,867.37","1,894.28","1,867.37",52.42M,1.46%
2019-03-22,"1,890.63","1,895.46","1,898.97","1,883.55",74.60M,0.41%
2019-03-25,"1,850.60","1,861.12","1,861.64","1,848.78",32.77M,-2.12%
2019-03-26,"1,848.77","1,856.43","1,857.07","1,844.98",31.23M,-0.10%
2019-03-27,"1,845.84","1,842.45","1,852.26","1,827.50",28.63M,-0.16%
2019-03-28,"1,831.85","1,829.26","1,838.81","1,823.34",27.45M,-0.76%
2019-03-29,"1,837.13","1,837.83","1,840.80","1,824.18",40.30M,0.29%
2019-04-01,"1,862.74","1,851.95","1,867.23","1,851.95",31.08M,1.39%
2019-04-02,"1,875.42","1,872.71","1,880.28","1,870.33",33.01M,0.68%
2019-04-03,"1,903.80","1,878.59","1,903.80","1,873.30",41.92M,1.51%
2019-04-04,"1,906.99","1,899.87","1,918.65","1,898.72",35.22M,0.17%
2019-04-05,"1,910.37","1,906.14","1,918.63","1,904.84",27.02M,0.18%
2019-04-08,"1,908.95","1,917.34","1,917.34","1,899.10",29.55M,-0.07%
2019-04-09,"1,911.22","1,909.70","1,919.19","1,901.82",29.20M,0.12%
2019-04-10,"1,918.71","1,901.13","1,919.22","1,898.79",37.04M,0.39%
2019-04-11,"1,914.07","1,920.74","1,922.58","1,906.27",40.85M,-0.24%
2019-04-12,"1,919.99","1,909.80","1,922.62","1,903.60",28.36M,0.31%
2019-04-15,"1,927.23","1,928.01","1,937.91","1,925.46",31.49M,0.38%
2019-04-16,"1,938.76","1,926.69","1,938.83","1,925.65",31.01M,0.60%
2019-04-17,"1,936.17","1,939.02","1,942.96","1,933.13",25.42M,-0.13%
2019-04-18,"1,905.45","1,940.85","1,942.56","1,902.20",37.27M,-1.59%
2019-04-19,"1,906.20","1,915.28","1,917.95","1,905.52",24.09M,0.04%
2019-04-22,"1,906.68","1,906.84","1,917.36","1,897.53",21.29M,0.03%
2019-04-23,"1,910.53","1,905.47","1,913.54","1,904.83",24.35M,0.20%
2019-04-24,"1,892.49","1,920.33","1,920.33","1,879.06",43.85M,-0.94%
2019-04-25,"1,886.11","1,884.73","1,896.55","1,878.37",37.90M,-0.34%
2019-04-26,"1,876.06","1,871.04","1,884.38","1,865.20",35.42M,-0.53%
2019-04-29,"1,915.08","1,880.83","1,915.08","1,880.33",29.57M,2.08%
2019-04-30,"1,901.19","1,909.67","1,912.43","1,886.33",34.31M,-0.73%
2019-05-02,"1,908.25","1,890.48","1,913.78","1,889.03",30.71M,0.37%
2019-05-03,"1,892.46","1,905.15","1,907.35","1,889.54",29.52M,-0.83%
2019-05-07,"1,879.36","1,876.16","1,881.26","1,863.10",37.40M,-0.69%
2019-05-08,"1,869.46","1,855.54","1,881.54","1,855.54",33.46M,-0.53%
2019-05-09,"1,808.36","1,860.03","1,865.81","1,808.36",61.79M,-3.27%
2019-05-10,"1,815.30","1,823.73","1,833.01","1,800.40",42.11M,0.38%
2019-05-13,"1,796.54","1,800.24","1,814.33","1,795.76",29.02M,-1.03%
2019-05-14,"1,794.33","1,777.60","1,807.53","1,774.48",37.43M,-0.12%
2019-05-15,"1,797.50","1,793.45","1,809.76","1,788.98",31.42M,0.18%
2019-05-16,"1,771.68","1,799.13","1,799.92","1,766.70",40.10M,-1.44%
2019-05-17,"1,759.79","1,784.43","1,784.66","1,756.81",37.81M,-0.67%
2019-05-20,"1,767.62","1,770.35","1,783.43","1,762.81",34.65M,0.44%
2019-05-21,"1,777.20","1,770.55","1,795.60","1,767.43",42.02M,0.54%
2019-05-22,"1,780.61","1,782.99","1,787.19","1,760.95",31.35M,0.19%
2019-05-23,"1,780.71","1,779.03","1,785.42","1,767.69",34.04M,0.01%
2019-05-24,"1,765.26","1,769.15","1,778.52","1,755.33",34.86M,-0.87%
2019-05-27,"1,764.25","1,763.17","1,774.86","1,755.82",25.66M,-0.06%
2019-05-28,"1,764.43","1,763.56","1,775.14","1,754.69",76.20M,0.01%
2019-05-29,"1,743.31","1,758.34","1,758.34","1,734.35",47.67M,-1.20%
2019-05-30,"1,763.22","1,745.56","1,765.44","1,745.56",32.93M,1.14%
2019-05-31,"1,761.47","1,752.89","1,771.72","1,746.77",40.15M,-0.10%
2019-06-03,"1,794.70","1,755.07","1,797.41","1,752.81",42.44M,1.89%
2019-06-04,"1,788.63","1,791.25","1,793.77","1,781.89",31.74M,-0.34%
2019-06-05,"1,791.59","1,805.36","1,808.02","1,787.51",35.84M,0.17%
2019-06-07,"1,793.62","1,790.09","1,803.18","1,780.05",34.08M,0.11%
2019-06-10,"1,819.64","1,807.34","1,820.41","1,796.29",30.09M,1.45%
2019-06-11,"1,826.41","1,815.10","1,829.64","1,813.24",30.93M,0.37%
2019-06-12,"1,820.61","1,824.79","1,830.99","1,814.93",27.84M,-0.32%
2019-06-13,"1,804.29","1,814.20","1,817.49","1,788.87",48.42M,-0.90%
2019-06-14,"1,799.87","1,798.63","1,808.05","1,790.29",30.73M,-0.24%
2019-06-17,"1,798.66","1,795.13","1,807.33","1,790.11",28.52M,-0.07%
2019-06-18,"1,807.52","1,795.93","1,811.10","1,795.93",31.72M,0.49%
2019-06-19,"1,834.84","1,829.11","1,836.70","1,826.35",35.31M,1.51%
2019-06-20,"1,840.11","1,828.88","1,840.13","1,827.55",29.70M,0.29%
2019-06-21,"1,836.83","1,841.43","1,842.06","1,830.14",35.76M,-0.18%
2019-06-24,"1,837.14","1,838.64","1,844.69","1,834.29",23.06M,0.02%
2019-06-25,"1,836.94","1,834.25","1,846.66","1,829.34",24.91M,-0.01%
2019-06-26,"1,840.70","1,837.80","1,845.85","1,834.08",29.59M,0.20%
2019-06-27,"1,856.70","1,841.05","1,862.09","1,838.27",36.50M,0.87%
2019-06-28,"1,856.21","1,859.13","1,862.85","1,850.71",31.33M,-0.03%
2019-07-01,"1,852.38","1,867.73","1,867.73","1,849.26",34.37M,-0.21%
2019-07-02,"1,842.87","1,843.45","1,853.14","1,834.57",25.73M,-0.51%
2019-07-03,"1,819.95","1,838.70","1,847.51","1,816.46",29.69M,-1.24%
2019-07-04,"1,837.04","1,824.36","1,837.57","1,820.44",23.12M,0.94%
2019-07-05,"1,835.02","1,837.57","1,840.81","1,823.24",25.99M,-0.11%
2019-07-08,"1,797.65","1,813.02","1,815.92","1,796.20",28.64M,-2.04%
2019-07-09,"1,796.27","1,806.23","1,811.15","1,796.27",29.08M,-0.08%
2019-07-10,"1,804.27","1,808.47","1,816.00","1,804.23",30.49M,0.45%
2019-07-11,"1,824.42","1,817.47","1,832.62","1,816.86",40.34M,1.12%
2019-07-12,"1,830.58","1,827.81","1,834.62","1,821.13",23.14M,0.34%
2019-07-15,"1,832.92","1,825.73","1,838.11","1,820.22",21.65M,0.13%
2019-07-16,"1,841.74","1,832.64","1,844.20","1,829.13",27.73M,0.48%
2019-07-17,"1,824.44","1,827.31","1,829.24","1,817.12",24.11M,-0.94%
2019-07-18,"1,820.94","1,822.37","1,825.71","1,812.83",23.22M,-0.19%
2019-07-19,"1,846.07","1,835.18","1,848.83","1,831.90",29.68M,1.38%
2019-07-22,"1,847.22","1,842.73","1,851.94","1,840.67",25.77M,0.06%
2019-07-23,"1,856.78","1,850.77","1,861.31","1,849.89",36.69M,0.52%
2019-07-24,"1,838.55","1,851.19","1,861.50","1,836.27",33.06M,-0.98%
2019-07-25,"1,840.70","1,846.58","1,849.83","1,830.01",38.93M,0.12%
2019-07-26,"1,837.95","1,828.48","1,839.62","1,825.94",34.17M,-0.15%
2019-07-29,"1,809.12","1,830.63","1,834.54","1,804.63",27.45M,-1.57%
2019-07-30,"1,817.98","1,816.11","1,822.95","1,814.35",22.84M,0.49%
2019-07-31,"1,796.13","1,812.59","1,817.28","1,787.96",50.02M,-1.20%
2019-08-01,"1,792.78","1,787.20","1,803.78","1,785.24",30.88M,-0.19%
2019-08-02,"1,776.35","1,771.13","1,782.80","1,766.89",45.22M,-0.92%
2019-08-05,"1,739.89","1,762.37","1,764.35","1,736.32",52.42M,-2.05%
2019-08-06,"1,713.21","1,696.18","1,734.73","1,694.35",55.65M,-1.53%
2019-08-07,"1,705.23","1,720.87","1,723.56","1,700.16",38.26M,-0.47%
2019-08-08,"1,702.11","1,718.79","1,724.87","1,702.11",53.83M,-0.18%
2019-08-09,"1,721.06","1,721.08","1,729.92","1,717.22",34.02M,1.11%
2019-08-12,"1,726.06","1,727.25","1,733.33","1,719.99",27.13M,0.29%
2019-08-13,"1,707.18","1,713.06","1,719.78","1,706.46",28.69M,-1.09%
2019-08-14,"1,724.74","1,729.48","1,737.34","1,722.59",32.77M,1.03%
2019-08-16,"1,719.50","1,711.46","1,719.50","1,702.06",30.48M,-0.30%
2019-08-19,"1,723.75","1,728.63","1,730.24","1,720.43",23.01M,0.25%
2019-08-20,"1,745.20","1,727.25","1,748.79","1,722.31",27.48M,1.24%
2019-08-21,"1,745.75","1,738.09","1,754.60","1,737.71",25.21M,0.03%
2019-08-22,"1,729.89","1,746.58","1,748.23","1,729.84",29.60M,-0.91%
2019-08-23,"1,730.84","1,722.53","1,735.70","1,721.43",20.10M,0.05%
2019-08-26,"1,704.73","1,702.71","1,710.65","1,697.81",27.13M,-1.51%
2019-08-27,"1,715.46","1,714.70","1,723.59","1,708.79",43.88M,0.63%
2019-08-28,"1,729.48","1,720.85","1,733.08","1,716.66",23.46M,0.82%
2019-08-29,"1,718.95","1,729.89","1,733.02","1,713.39",29.53M,-0.61%
2019-08-30,"1,750.36","1,736.30","1,754.47","1,735.95",38.27M,1.83%
2019-09-02,"1,750.72","1,745.79","1,755.25","1,741.56",24.45M,0.02%
2019-09-03,"1,743.63","1,746.76","1,753.11","1,737.98",27.84M,-0.40%
2019-09-04,"1,767.37","1,742.07","1,767.37","1,740.94",34.11M,1.36%
2019-09-05,"1,789.63","1,774.64","1,799.35","1,773.47",47.11M,1.26%
2019-09-06,"1,799.25","1,802.39","1,803.39","1,792.02",29.18M,0.54%
2019-09-09,"1,813.73","1,803.15","1,820.41","1,802.15",29.20M,0.80%
2019-09-10,"1,821.03","1,817.34","1,823.50","1,811.75",32.95M,0.40%
2019-09-11,"1,833.36","1,831.43","1,837.25","1,824.50",55.23M,0.68%
2019-09-16,"1,836.19","1,835.37","1,836.25","1,819.33",46.14M,0.15%
2019-09-17,"1,833.17","1,832.73","1,837.59","1,828.54",31.66M,-0.16%
2019-09-18,"1,843.50","1,834.32","1,847.87","1,830.11",32.80M,0.56%
2019-09-19,"1,860.19","1,844.89","1,866.94","1,844.89",39.51M,0.91%
2019-09-20,"1,870.35","1,861.04","1,872.57","1,857.09",41.19M,0.55%
2019-09-23,"1,873.12","1,866.30","1,875.03","1,864.57",29.53M,0.15%
2019-09-24,"1,883.62","1,871.55","1,885.08","1,866.25",28.90M,0.56%
2019-09-25,"1,860.60","1,872.35","1,874.90","1,858.90",32.02M,-1.22%
2019-09-26,"1,864.13","1,868.49","1,873.30","1,855.17",55.11M,0.19%
2019-09-27,"1,839.18","1,850.53","1,851.05","1,833.15",27.53M,-1.34%
2019-09-30,"1,853.60","1,833.45","1,856.02","1,829.59",28.62M,0.78%
2019-10-01,"1,859.63","1,853.41","1,865.36","1,849.26",24.51M,0.33%
2019-10-02,"1,819.47","1,845.94","1,845.94","1,819.47",30.25M,-2.16%
2019-10-04,"1,814.40","1,817.28","1,834.38","1,814.40",29.46M,-0.28%
2019-10-07,"1,816.82","1,827.37","1,832.35","1,811.42",23.70M,0.13%
2019-10-08,"1,842.97","1,825.82","1,844.44","1,818.51",36.81M,1.44%
2019-10-10,"1,827.08","1,823.84","1,841.15","1,808.79",55.50M,-0.86%
2019-10-11,"1,844.86","1,846.45","1,854.76","1,839.04",29.85M,0.97%
2019-10-14,"1,861.98","1,868.33","1,875.42","1,860.17",32.51M,0.93%
2019-10-15,"1,861.70","1,859.29","1,867.73","1,857.79",24.27M,-0.02%
2019-10-16,"1,875.59","1,876.13","1,883.51","1,868.60",31.58M,0.75%
2019-10-17,"1,870.70","1,871.52","1,877.31","1,863.58",26.20M,-0.26%
2019-10-18,"1,849.83","1,872.38","1,880.73","1,846.58",37.94M,-1.12%
2019-10-21,"1,858.04","1,856.80","1,860.51","1,849.73",20.48M,0.44%
2019-10-22,"1,883.64","1,868.83","1,889.04","1,865.82",33.48M,1.38%
2019-10-23,"1,878.20","1,879.87","1,884.55","1,871.92",33.70M,-0.29%
2019-10-24,"1,883.18","1,890.48","1,891.07","1,867.82",44.21M,0.27%
2019-10-25,"1,885.71","1,890.04","1,890.76","1,876.49",31.25M,0.13%
2019-10-28,"1,890.89","1,892.67","1,901.42","1,887.49",29.18M,0.27%
2019-10-29,"1,890.64","1,901.05","1,902.73","1,884.69",29.05M,-0.01%
2019-10-30,"1,877.62","1,889.69","1,889.69","1,873.19",33.41M,-0.69%
2019-10-31,"1,880.32","1,887.63","1,903.92","1,880.29",37.59M,0.14%
2019-11-01,"1,900.76","1,883.61","1,901.17","1,879.52",26.36M,1.09%
2019-11-04,"1,925.58","1,909.74","1,926.87","1,909.74",35.45M,1.31%
2019-11-05,"1,938.97","1,929.52","1,939.02","1,924.64",36.19M,0.70%
2019-11-06,"1,939.79","1,938.64","1,953.64","1,934.65",42.63M,0.04%
2019-11-07,"1,938.24","1,936.95","1,940.76","1,927.81",35.13M,-0.08%
2019-11-08,"1,927.88","1,948.43","1,950.51","1,924.63",36.58M,-0.53%
2019-11-11,"1,912.71","1,928.92","1,929.50","1,909.89",29.28M,-0.79%
2019-11-12,"1,933.75","1,919.58","1,933.75","1,913.45",23.98M,1.10%
2019-11-13,"1,916.89","1,923.23","1,924.05","1,912.26",24.86M,-0.87%
2019-11-14,"1,937.93","1,921.74","1,937.93","1,917.45",39.57M,1.10%
2019-11-15,"1,960.67","1,938.24","1,963.27","1,933.03",31.90M,1.17%
2019-11-18,"1,961.85","1,959.11","1,964.58","1,953.34",26.06M,0.06%
2019-11-19,"1,956.24","1,952.15","1,957.14","1,939.53",31.53M,-0.29%
2019-11-20,"1,928.75","1,942.36","1,950.27","1,927.56",38.30M,-1.41%
2019-11-21,"1,902.00","1,926.14","1,928.02","1,892.12",42.69M,-1.39%
2019-11-22,"1,909.55","1,903.72","1,913.09","1,901.04",43.77M,0.40%
2019-11-25,"1,926.91","1,926.96","1,938.23","1,924.16",31.02M,0.91%
2019-11-26,"1,922.60","1,933.37","1,946.15","1,922.49",69.94M,-0.22%
2019-11-27,"1,929.79","1,933.74","1,935.75","1,919.05",25.21M,0.37%
2019-11-28,"1,918.32","1,919.46","1,930.47","1,917.86",26.82M,-0.59%
2019-11-29,"1,886.18","1,923.16","1,923.16","1,883.15",39.15M,-1.68%
2019-12-02,"1,890.76","1,897.35","1,905.60","1,888.69",39.83M,0.24%
2019-12-03,"1,881.89","1,872.62","1,885.59","1,866.05",41.08M,-0.47%
2019-12-04,"1,867.33","1,869.48","1,871.86","1,856.74",47.67M,-0.77%
2019-12-05,"1,861.64","1,878.82","1,885.91","1,857.09",36.73M,-0.30%
2019-12-06,"1,885.84","1,875.35","1,889.03","1,872.35",31.98M,1.30%
2019-12-09,"1,899.89","1,899.65","1,903.50","1,891.19",34.53M,0.75%
2019-12-10,"1,907.90","1,890.85","1,910.71","1,889.53",27.24M,0.42%
2019-12-11,"1,913.27","1,906.55","1,918.94","1,901.40",34.67M,0.28%
2019-12-12,"1,947.13","1,930.23","1,949.31","1,930.06",78.30M,1.77%
2019-12-13,"1,982.60","1,978.06","1,982.60","1,969.57",51.18M,1.82%
2019-12-16,"1,981.87","1,977.92","1,988.89","1,977.41",38.42M,-0.04%
2019-12-17,"2,016.03","1,996.70","2,016.58","1,988.03",52.58M,1.72%
2019-12-18,"2,016.24","2,016.30","2,026.95","2,007.37",41.93M,0.01%
2019-12-19,"2,016.54","2,022.03","2,028.26","2,006.24",38.05M,0.01%
2019-12-20,"2,024.25","2,025.15","2,027.30","2,014.75",37.67M,0.38%
2019-12-23,"2,020.92","2,027.62","2,029.56","2,014.01",28.91M,-0.16%
2019-12-24,"2,006.26","2,022.99","2,022.99","2,003.37",29.99M,-0.73%
2019-12-26,"2,014.61","2,008.09","2,014.61","1,999.19",33.99M,0.42%
2019-12-27,"2,022.42","2,003.55","2,034.88","1,997.19",40.48M,0.39%
2019-12-30,"2,010.91","2,017.86","2,024.88","2,009.50",26.04M,-0.57%
2020-01-02,"1,987.75","2,014.65","2,016.91","1,985.24",36.59M,-1.15%
2020-01-03,"1,990.33","2,007.67","2,020.87","1,979.09",41.89M,0.13%
2020-01-06,"1,977.39","1,969.55","1,982.13","1,968.10",32.14M,-0.65%
2020-01-07,"1,997.46","1,988.26","2,004.03","1,985.84",32.22M,1.01%
2020-01-08,"1,988.47","1,983.06","1,999.36","1,973.00",63.19M,-0.45%
2020-01-09,"2,021.53","2,018.37","2,021.53","2,005.59",62.07M,1.66%
2020-01-10,"2,040.76","2,025.02","2,041.35","2,020.89",45.34M,0.95%
2020-01-13,"2,061.76","2,037.76","2,062.55","2,036.48",38.47M,1.03%
2020-01-14,"2,071.49","2,076.37","2,087.32","2,066.07",46.77M,0.47%
2020-01-15,"2,056.92","2,059.39","2,067.50","2,050.75",35.96M,-0.70%
2020-01-16,"2,079.43","2,058.17","2,080.25","2,051.86",39.57M,1.09%
2020-01-17,"2,082.99","2,095.53","2,101.92","2,077.09",45.13M,0.17%
2020-01-20,"2,100.97","2,095.40","2,113.08","2,093.76",40.96M,0.86%
2020-01-21,"2,076.54","2,096.40","2,104.28","2,074.97",30.43M,-1.16%
2020-01-22,"2,105.88","2,075.04","2,108.64","2,072.01",40.78M,1.41%
2020-01-23,"2,082.19","2,091.44","2,098.49","2,077.52",43.52M,-1.12%
2020-01-28,"2,019.08","2,031.07","2,040.15","2,009.02",60.23M,-3.03%
2020-01-29,"2,028.57","2,030.69","2,039.72","2,018.57",43.47M,0.47%
2020-01-30,"1,990.71","2,023.46","2,028.09","1,982.34",51.29M,-1.87%
2020-01-31,"1,965.61","2,003.80","2,012.71","1,965.60",53.86M,-1.26%
2020-02-03,"1,969.64","1,935.13","1,977.77","1,932.62",58.91M,0.21%
2020-02-04,"2,011.35","1,972.08","2,015.16","1,972.06",57.89M,2.12%
2020-02-05,"2,021.19","2,032.64","2,037.67","2,009.02",53.74M,0.49%
2020-02-06,"2,078.32","2,038.72","2,080.73","2,036.01",50.90M,2.83%
2020-02-07,"2,062.74","2,069.93","2,073.74","2,046.79",62.91M,-0.75%
2020-02-10,"2,049.20","2,033.63","2,052.45","2,028.98",39.70M,-0.66%
2020-02-11,"2,071.07","2,060.24","2,084.39","2,057.98",38.32M,1.07%
2020-02-12,"2,086.21","2,075.12","2,091.21","2,063.14",47.06M,0.73%
2020-02-13,"2,083.63","2,095.36","2,108.41","2,080.64",58.09M,-0.12%
2020-02-14,"2,101.19","2,083.37","2,109.33","2,071.54",41.34M,0.84%
2020-02-17,"2,099.33","2,099.55","2,108.20","2,087.63",33.49M,-0.09%
2020-02-18,"2,064.88","2,081.70","2,089.91","2,061.38",45.63M,-1.64%
2020-02-19,"2,070.99","2,078.84","2,082.74","2,049.87",42.74M,0.30%
2020-02-20,"2,061.34","2,085.27","2,090.95","2,048.67",43.93M,-0.47%
2020-02-21,"2,033.49","2,028.99","2,052.03","2,028.99",43.15M,-1.35%
2020-02-24,"1,955.65","1,984.31","1,991.82","1,955.65",67.66M,-3.83%
2020-02-25,"1,975.21","1,949.79","1,977.18","1,945.27",65.93M,1.00%
2020-02-26,"1,943.03","1,933.48","1,957.20","1,928.13",66.48M,-1.63%
2020-02-27,"1,920.69","1,939.78","1,949.27","1,914.29",60.53M,-1.15%
2020-02-28,"1,857.10","1,887.19","1,899.21","1,851.71",103.05M,-3.31%
2020-03-02,"1,874.57","1,867.52","1,890.49","1,842.64",76.00M,0.94%
2020-03-03,"1,882.14","1,924.58","1,924.58","1,876.91",70.71M,0.40%
2020-03-04,"1,928.45","1,871.06","1,934.35","1,871.06",64.47M,2.46%
2020-03-05,"1,948.92","1,946.90","1,953.83","1,925.68",60.37M,1.06%
2020-03-06,"1,905.52","1,916.53","1,927.75","1,898.79",55.94M,-2.23%
2020-03-09,"1,820.62","1,844.32","1,854.65","1,812.44",86.03M,-4.46%
2020-03-10,"1,832.33","1,813.19","1,839.94","1,805.06",85.57M,0.64%
2020-03-11,"1,780.44","1,832.09","1,834.61","1,771.08",92.78M,-2.83%
2020-03-12,"1,719.78","1,757.75","1,770.49","1,690.49",120.49M,-3.41%
2020-03-13,"1,677.36","1,603.07","1,715.99","1,581.83",146.17M,-2.47%
2020-03-16,"1,617.53","1,708.12","1,708.12","1,617.06",84.08M,-3.57%
2020-03-17,"1,572.48","1,549.46","1,628.09","1,546.49",114.08M,-2.79%
2020-03-18,"1,496.46","1,585.15","1,595.55","1,496.13",100.52M,-4.83%
2020-03-19,"1,387.78","1,529.92","1,529.92","1,363.40",144.08M,-7.26%
2020-03-20,"1,488.27","1,427.38","1,493.93","1,400.21",123.82M,7.24%
2020-03-23,"1,413.06","1,398.04","1,446.79","1,386.02",108.00M,-5.05%
2020-03-24,"1,545.75","1,455.80","1,545.75","1,440.90",115.30M,9.39%
2020-03-25,"1,628.59","1,604.04","1,634.51","1,574.63",138.05M,5.36%
2020-03-26,"1,598.68","1,621.56","1,654.40","1,598.68",121.29M,-1.84%
2020-03-27,"1,631.37","1,667.36","1,668.87","1,585.39",107.51M,2.04%
2020-03-30,"1,618.21","1,584.32","1,633.89","1,570.45",75.66M,-0.81%
2020-03-31,"1,648.20","1,636.69","1,651.68","1,617.25",96.25M,1.85%
2020-04-01,"1,570.62","1,629.72","1,650.74","1,570.62",83.84M,-4.71%
2020-04-02,"1,608.43","1,578.52","1,611.06","1,552.31",79.31M,2.41%
2020-04-03,"1,606.64","1,612.25","1,626.59","1,590.56",67.91M,-0.11%
2020-04-06,"1,668.63","1,625.14","1,670.88","1,620.03",74.35M,3.86%
2020-04-07,"1,695.18","1,702.09","1,713.77","1,666.48",91.97M,1.59%
2020-04-08,"1,673.81","1,687.82","1,708.64","1,673.81",73.87M,-1.26%
2020-04-09,"1,699.81","1,703.22","1,705.61","1,683.13",72.83M,1.55%
2020-04-10,"1,718.37","1,696.65","1,719.56","1,691.10",83.02M,1.09%
2020-04-13,"1,687.02","1,708.98","1,711.01","1,686.92",64.21M,-1.82%
2020-04-14,"1,714.17","1,707.71","1,721.47","1,695.71",54.10M,1.61%
2020-04-16,"1,712.06","1,696.80","1,717.50","1,689.65",75.07M,-0.12%
2020-04-17,"1,767.39","1,749.93","1,784.99","1,749.08",90.55M,3.23%
2020-04-20,"1,744.75","1,758.01","1,772.00","1,740.48",72.19M,-1.28%
2020-04-21,"1,726.86","1,730.86","1,743.56","1,697.07",90.73M,-1.03%
2020-04-22,"1,745.67","1,704.09","1,747.66","1,694.39",70.89M,1.09%
2020-04-23,"1,757.01","1,757.44","1,768.24","1,743.17",68.73M,0.65%
2020-04-24,"1,732.31","1,747.54","1,750.57","1,724.50",56.73M,-1.41%
2020-04-27,"1,762.52","1,737.80","1,768.75","1,734.40",71.73M,1.74%
2020-04-28,"1,772.32","1,770.55","1,780.59","1,751.64",72.40M,0.56%
2020-04-29,"1,783.81","1,773.46","1,794.39","1,769.79",64.04M,0.65%
2020-05-04,"1,731.92","1,744.92","1,752.99","1,730.82",79.75M,-2.91%
2020-05-06,"1,763.45","1,753.67","1,763.45","1,736.17",62.30M,1.82%
2020-05-07,"1,760.01","1,754.82","1,771.76","1,751.82",50.38M,-0.20%
2020-05-08,"1,776.60","1,775.24","1,788.83","1,772.10",57.71M,0.94%
2020-05-11,"1,764.12","1,784.05","1,792.26","1,761.32",53.51M,-0.70%
2020-05-12,"1,755.64","1,766.52","1,770.99","1,739.22",67.63M,-0.48%
2020-05-13,"1,772.11","1,732.45","1,772.11","1,732.45",60.92M,0.94%
2020-05-14,"1,755.14","1,752.77","1,761.11","1,745.27",69.53M,-0.96%
2020-05-15,"1,754.38","1,766.40","1,767.34","1,742.30",58.98M,-0.04%
2020-05-18,"1,764.53","1,758.71","1,770.98","1,747.02",58.39M,0.58%
2020-05-19,"1,809.93","1,804.46","1,813.63","1,796.52",86.15M,2.57%
2020-05-20,"1,818.13","1,800.47","1,821.03","1,800.47",53.68M,0.45%
2020-05-21,"1,825.12","1,830.88","1,834.65","1,821.41",57.25M,0.38%
2020-05-22,"1,798.95","1,825.37","1,827.07","1,789.85",61.68M,-1.43%
2020-05-25,"1,822.83","1,808.28","1,822.98","1,796.94",47.98M,1.33%
2020-05-26,"1,856.07","1,828.37","1,856.20","1,824.05",69.68M,1.82%
2020-05-27,"1,852.32","1,850.26","1,866.37","1,841.59",77.70M,-0.20%
2020-05-28,"1,860.90","1,869.79","1,880.72","1,837.10",109.36M,0.46%
2020-05-29,"1,859.43","1,848.78","1,868.87","1,838.98",99.87M,-0.08%
2020-06-01,"1,894.62","1,867.77","1,895.68","1,866.42",62.31M,1.89%
2020-06-02,"1,911.98","1,891.46","1,914.60","1,889.23",71.88M,0.92%
2020-06-03,"1,980.51","1,933.02","1,991.98","1,931.81",148.59M,3.58%
2020-06-04,"1,986.97","2,016.15","2,028.53","1,974.43",122.31M,0.33%
2020-06-05,"2,016.17","1,984.47","2,021.76","1,973.86",73.45M,1.47%
2020-06-08,"2,016.14","2,049.40","2,051.79","2,009.93",76.46M,0.00%
2020-06-09,"2,017.55","2,039.22","2,044.51","1,994.13",73.90M,0.07%
2020-06-10,"2,022.21","2,014.77","2,028.51","2,006.54",66.47M,0.23%
2020-06-11,"2,002.65","2,009.63","2,026.01","1,972.55",106.05M,-0.97%
2020-06-12,"1,960.32","1,922.69","1,965.27","1,918.71",88.00M,-2.11%
2020-06-15,"1,867.11","1,938.31","1,956.70","1,867.11",96.42M,-4.75%
2020-06-16,"1,970.32","1,923.09","1,970.32","1,909.93",72.02M,5.53%
2020-06-17,"1,974.25","1,965.54","1,984.10","1,939.50",80.40M,0.20%
2020-06-18,"1,963.71","1,963.71","1,975.56","1,951.79",52.26M,-0.53%
2020-06-19,"1,975.92","1,982.74","1,983.76","1,940.06",63.97M,0.62%
2020-06-22,"1,966.13","1,959.29","1,982.41","1,955.03",58.39M,-0.50%
2020-06-23,"1,975.39","1,989.63","2,002.90","1,957.17",67.58M,0.47%
2020-06-24,"2,009.97","1,987.62","2,020.42","1,985.07",67.86M,1.75%
2020-06-25,"1,959.60","1,979.36","1,993.27","1,959.60",56.30M,-2.51%
2020-06-26,"1,985.26","1,986.24","1,994.57","1,966.75",56.18M,1.31%
2020-06-29,"1,946.66","1,957.54","1,974.87","1,940.62",52.08M,-1.94%
2020-06-30,"1,959.45","1,978.46","1,987.96","1,959.45",65.95M,0.66%
2020-07-01,"1,961.21","1,981.53","1,987.36","1,955.96",49.26M,0.09%
2020-07-02,"1,988.48","1,968.69","1,988.48","1,965.57",50.28M,1.39%
2020-07-03,"2,001.18","2,001.65","2,002.87","1,986.06",40.67M,0.64%
2020-07-06,"2,033.83","2,007.73","2,038.27","2,005.55",62.00M,1.63%
2020-07-07,"2,008.29","2,049.71","2,052.09","2,008.29",77.57M,-1.26%
2020-07-08,"2,002.55","2,011.13","2,019.57","1,996.85",56.28M,-0.29%
2020-07-09,"2,012.56","2,016.62","2,027.51","2,011.94",60.69M,0.50%
2020-07-10,"1,999.52","2,016.78","2,018.20","1,988.46",53.22M,-0.65%
2020-07-13,"2,032.63","2,020.22","2,036.90","2,010.76",51.96M,1.66%
2020-07-14,"2,028.96","2,020.59","2,028.97","2,009.92",48.51M,-0.18%
2020-07-15,"2,046.13","2,051.67","2,061.43","2,037.12",76.85M,0.85%
2020-07-16,"2,021.40","2,045.94","2,047.36","2,015.89",55.97M,-1.21%
2020-07-17,"2,039.61","2,024.90","2,043.41","2,024.90",43.16M,0.90%
2020-07-20,"2,031.54","2,048.64","2,048.64","2,020.37",56.38M,-0.40%
2020-07-21,"2,057.95","2,054.87","2,065.14","2,047.29",67.19M,1.30%
2020-07-22,"2,050.47","2,053.60","2,063.39","2,044.48",62.16M,-0.36%
2020-07-23,"2,040.63","2,046.55","2,046.55","2,026.37",65.20M,-0.48%
2020-07-24,"2,026.28","2,021.78","2,041.69","2,018.41",52.81M,-0.70%
2020-07-27,"2,043.90","2,027.70","2,056.78","2,027.70",50.67M,0.87%
2020-07-28,"2,089.70","2,066.92","2,098.22","2,066.30",96.55M,2.24%
2020-07-29,"2,098.51","2,091.14","2,112.02","2,086.24",77.36M,0.42%
2020-07-30,"2,103.04","2,111.66","2,117.18","2,101.03",67.36M,0.22%
2020-07-31,"2,086.03","2,116.22","2,119.26","2,083.71",67.59M,-0.81%
2020-08-03,"2,093.44","2,086.97","2,097.62","2,076.58",64.77M,0.36%
2020-08-04,"2,114.73","2,117.08","2,125.55","2,104.86",66.45M,1.02%
2020-08-05,"2,141.59","2,120.05","2,141.84","2,112.45",63.19M,1.27%
2020-08-06,"2,176.17","2,150.01","2,185.42","2,150.01",80.15M,1.61%
2020-08-07,"2,187.78","2,181.45","2,196.78","2,169.06",74.81M,0.53%
2020-08-10,"2,218.28","2,189.97","2,225.74","2,183.92",97.70M,1.39%
2020-08-11,"2,248.68","2,223.56","2,258.54","2,223.56",118.43M,1.37%
2020-08-12,"2,256.50","2,241.40","2,256.50","2,221.00",95.88M,0.35%
2020-08-13,"2,263.04","2,279.31","2,283.21","2,236.75",110.58M,0.29%
2020-08-14,"2,230.68","2,248.18","2,255.10","2,210.49",84.51M,-1.43%
2020-08-18,"2,188.81","2,231.33","2,249.07","2,177.76",97.12M,-1.88%
2020-08-19,"2,190.16","2,211.01","2,214.60","2,188.15",64.83M,0.06%
2020-08-20,"2,106.71","2,166.68","2,185.21","2,103.62",91.95M,-3.81%
2020-08-21,"2,142.46","2,140.61","2,169.99","2,121.02",73.85M,1.70%
2020-08-24,"2,168.27","2,149.47","2,174.77","2,124.19",66.72M,1.20%
2020-08-25,"2,195.58","2,190.48","2,200.80","2,176.51",69.45M,1.26%
2020-08-26,"2,204.82","2,196.84","2,211.00","2,173.09",68.63M,0.42%
2020-08-27,"2,189.27","2,210.10","2,217.41","2,189.27",62.91M,-0.71%
2020-08-28,"2,193.03","2,205.70","2,219.34","2,187.01",62.84M,0.17%
2020-08-31,"2,150.86","2,214.60","2,219.09","2,150.86",99.06M,-1.92%
2020-09-01,"2,168.72","2,166.09","2,180.77","2,154.45",63.73M,0.83%
2020-09-02,"2,177.63","2,180.87","2,188.38","2,155.63",55.77M,0.41%
2020-09-03,"2,211.68","2,199.90","2,216.60","2,198.79",73.49M,1.56%
2020-09-04,"2,177.07","2,153.65","2,183.17","2,153.65",69.15M,-1.56%
2020-09-07,"2,181.04","2,174.05","2,186.53","2,164.98",61.72M,0.18%
2020-09-08,"2,209.67","2,197.31","2,209.74","2,184.71",77.43M,1.31%
2020-09-09,"2,184.23","2,181.47","2,199.40","2,178.61",78.95M,-1.15%
2020-09-10,"2,202.96","2,213.15","2,216.14","2,196.09",74.54M,0.86%
2020-09-11,"2,202.81","2,196.93","2,204.38","2,180.54",50.37M,-0.01%
2020-09-14,"2,235.42","2,226.12","2,236.15","2,216.24",60.82M,1.48%
2020-09-15,"2,253.83","2,241.84","2,255.76","2,233.79",56.35M,0.82%
2020-09-16,"2,244.95","2,251.83","2,259.33","2,240.64",53.25M,-0.39%
2020-09-17,"2,215.27","2,236.71","2,244.03","2,207.04",79.40M,-1.32%
2020-09-18,"2,218.24","2,224.19","2,227.73","2,206.86",58.88M,0.13%
2020-09-21,"2,200.93","2,214.90","2,234.44","2,193.89",54.06M,-0.78%
2020-09-22,"2,154.42","2,200.73","2,204.33","2,144.60",65.56M,-2.11%
2020-09-23,"2,161.49","2,173.94","2,175.19","2,114.72",61.02M,0.33%
2020-09-24,"2,112.14","2,127.83","2,142.82","2,109.10",60.82M,-2.28%
2020-09-25,"2,120.84","2,133.12","2,133.99","2,108.97",44.33M,0.41%
2020-09-28,"2,142.54","2,141.10","2,152.00","2,126.23",38.04M,1.02%
2020-09-29,"2,158.75","2,163.50","2,172.63","2,153.25",49.90M,0.76%
2020-10-05,"2,185.29","2,159.46","2,193.67","2,156.87",65.26M,1.23%
2020-10-06,"2,192.25","2,196.62","2,205.42","2,183.22",51.10M,0.32%
2020-10-07,"2,211.88","2,177.36","2,212.57","2,173.23",45.41M,0.90%
2020-10-08,"2,209.24","2,231.67","2,231.67","2,205.99",68.60M,-0.12%
2020-10-12,"2,218.30","2,218.59","2,225.78","2,209.73",56.49M,0.41%
2020-10-13,"2,224.36","2,232.23","2,234.98","2,205.10",59.39M,0.27%
2020-10-14,"2,202.30","2,223.40","2,225.61","2,196.30",58.91M,-0.99%
2020-10-15,"2,184.30","2,197.04","2,197.94","2,174.86",54.91M,-0.82%
2020-10-16,"2,169.65","2,187.18","2,193.52","2,157.38",59.98M,-0.67%
2020-10-19,"2,171.18","2,180.29","2,190.38","2,169.23",58.53M,0.07%
2020-10-20,"2,187.14","2,158.73","2,187.66","2,152.74",68.45M,0.74%
2020-10-21,"2,189.63","2,190.44","2,198.94","2,180.80",55.71M,0.11%
2020-10-22,"2,177.41","2,174.86","2,180.68","2,161.07",57.32M,-0.56%
2020-10-23,"2,184.02","2,185.74","2,192.06","2,167.30",55.65M,0.30%
2020-10-26,"2,179.84","2,190.35","2,199.46","2,178.87",69.65M,-0.19%
2020-10-27,"2,171.60","2,167.65","2,186.06","2,163.56",73.40M,-0.38%
2020-10-28,"2,180.09","2,164.17","2,180.68","2,154.26",49.61M,0.39%
2020-10-29,"2,158.79","2,152.40","2,163.53","2,135.74",63.81M,-0.98%
2020-10-30,"2,099.01","2,151.02","2,153.49","2,098.81",72.18M,-2.77%
2020-11-02,"2,128.86","2,107.50","2,132.09","2,097.53",52.23M,1.42%
2020-11-03,"2,168.65","2,144.48","2,171.62","2,143.66",49.48M,1.87%
2020-11-04,"2,185.34","2,185.13","2,196.21","2,166.28",67.99M,0.77%
2020-11-05,"2,237.42","2,198.19","2,237.42","2,195.18",64.69M,2.38%
2020-11-06,"2,246.10","2,247.32","2,260.89","2,236.10",54.72M,0.39%
2020-11-09,"2,267.12","2,268.68","2,283.01","2,261.03",53.97M,0.94%
2020-11-10,"2,264.79","2,266.85","2,271.09","2,249.40",86.10M,-0.10%
2020-11-11,"2,301.31","2,270.89","2,303.07","2,270.89",92.50M,1.61%
2020-11-12,"2,291.56","2,298.66","2,305.49","2,284.15",77.34M,-0.42%
2020-11-13,"2,315.16","2,286.32","2,317.15","2,283.26",81.13M,1.03%
2020-11-16,"2,364.78","2,330.47","2,367.94","2,330.47",92.57M,2.14%
2020-11-17,"2,362.77","2,365.04","2,379.63","2,357.47",87.93M,-0.08%
2020-11-18,"2,366.03","2,371.82","2,377.01","2,355.34",63.27M,0.14%
2020-11-19,"2,368.15","2,357.69","2,369.29","2,349.94",55.25M,0.09%
2020-11-20,"2,367.71","2,363.18","2,376.68","2,357.27",52.64M,-0.02%
2020-11-23,"2,421.36","2,374.98","2,425.52","2,370.93",71.26M,2.27%
2020-11-24,"2,438.24","2,434.74","2,451.43","2,425.04",89.86M,0.70%
2020-11-25,"2,426.74","2,459.72","2,466.47","2,413.53",110.20M,-0.47%
2020-11-26,"2,455.92","2,430.57","2,455.95","2,416.40",66.99M,1.20%
2020-11-27,"2,458.13","2,453.79","2,463.37","2,444.54",54.48M,0.09%
2020-11-30,"2,408.64","2,471.14","2,471.14","2,408.64",120.13M,-2.01%
2020-12-01,"2,456.11","2,433.72","2,462.13","2,431.43",64.14M,1.97%
2020-12-02,"2,504.48","2,471.40","2,507.77","2,468.93",80.42M,1.97%
2020-12-03,"2,531.38","2,516.79","2,531.38","2,505.11",80.94M,1.07%
2020-12-04,"2,578.18","2,544.41","2,594.65","2,544.41",98.08M,1.85%
2020-12-07,"2,594.78","2,587.02","2,608.24","2,560.68",89.17M,0.64%
2020-12-08,"2,545.40","2,592.97","2,594.76","2,545.40",80.45M,-1.90%
2020-12-09,"2,602.29","2,547.37","2,603.28","2,547.37",77.01M,2.24%
2020-12-10,"2,583.82","2,596.53","2,608.50","2,561.04",131.17M,-0.71%
2020-12-11,"2,603.60","2,592.50","2,619.40","2,592.50",80.20M,0.77%
2020-12-14,"2,599.75","2,603.09","2,624.27","2,594.71",68.39M,-0.15%
2020-12-15,"2,595.94","2,601.68","2,608.07","2,571.72",74.65M,-0.15%
2020-12-16,"2,605.11","2,603.80","2,619.40","2,595.41",56.53M,0.35%
2020-12-17,"2,600.29","2,602.26","2,604.03","2,573.61",85.23M,-0.19%
2020-12-18,"2,593.49","2,599.86","2,606.80","2,586.93",103.81M,-0.26%
2020-12-21,"2,596.56","2,593.95","2,598.27","2,566.20",75.18M,0.12%
2020-12-22,"2,560.05","2,589.11","2,596.69","2,559.97",67.35M,-1.41%
2020-12-23,"2,601.43","2,563.37","2,605.40","2,550.22",135.37M,1.62%
2020-12-24,"2,654.55","2,604.12","2,661.74","2,604.12",93.87M,2.04%
2020-12-28,"2,660.63","2,671.17","2,688.16","2,650.62",139.23M,0.23%
2020-12-29,"2,669.15","2,663.35","2,677.90","2,640.82",105.31M,0.32%
2020-12-30,"2,725.20","2,668.67","2,730.76","2,654.54",85.57M,2.10%
2021-01-04,"2,802.02","2,725.68","2,811.49","2,725.68",125.91M,2.82%
2021-01-05,"2,842.83","2,801.67","2,842.83","2,777.29",112.49M,1.46%
2021-01-06,"2,813.93","2,844.36","2,880.34","2,806.79",141.66M,-1.02%
2021-01-07,"2,880.32","2,825.10","2,908.83","2,825.10",139.27M,2.36%
2021-01-08,"3,031.59","2,888.50","3,044.87","2,888.50",222.77M,5.25%
2021-01-11,"3,042.89","3,044.42","3,173.43","2,993.39",245.83M,0.37%
2021-01-12,"3,017.03","3,040.88","3,050.09","2,932.49",159.56M,-0.85%
2021-01-13,"3,039.42","3,016.79","3,058.20","2,997.17",135.49M,0.74%
2021-01-14,"3,026.86","3,039.65","3,046.41","3,014.42",114.88M,-0.41%
2021-01-15,"2,955.90","3,029.98","3,070.76","2,955.87",108.20M,-2.34%
2021-01-18,"2,890.50","2,950.53","2,953.77","2,877.92",119.52M,-2.21%
2021-01-19,"2,968.05","2,888.40","2,985.32","2,884.29",112.62M,2.68%
2021-01-20,"2,986.11","2,994.68","3,030.28","2,954.78",119.44M,0.61%
2021-01-21,"3,031.82","2,996.59","3,035.74","2,990.23",133.27M,1.53%
2021-01-22,"3,008.02","3,034.99","3,055.71","3,008.02",110.78M,-0.79%
2021-01-25,"3,081.20","3,011.64","3,085.94","3,005.66",96.90M,2.43%
2021-01-26,"3,000.13","3,073.30","3,076.19","2,994.82",108.45M,-2.63%
2021-01-27,"2,979.35","3,002.46","3,044.11","2,976.85",96.22M,-0.69%
2021-01-28,"2,930.50","2,975.32","2,975.32","2,908.56",104.85M,-1.64%
2021-01-29,"2,849.47","2,942.27","2,965.14","2,841.88",128.84M,-2.77%
2021-02-01,"2,930.83","2,851.57","2,931.41","2,826.13",98.49M,2.86%
2021-02-02,"2,970.30","2,941.57","3,017.14","2,941.57",87.42M,1.35%
2021-02-03,"3,001.90","2,984.15","3,021.04","2,964.38",110.90M,1.06%
2021-02-04,"2,951.90","3,007.83","3,007.83","2,932.74",102.91M,-1.67%
2021-02-05,"2,987.64","2,962.40","2,994.04","2,947.14",80.02M,1.21%
2021-02-08,"2,946.96","2,977.54","2,989.93","2,945.30",99.82M,-1.36%
2021-02-09,"2,940.13","2,958.25","2,990.54","2,940.13",93.39M,-0.23%
2021-02-10,"2,955.29","2,944.26","2,968.11","2,921.94",80.47M,0.52%
2021-02-15,"3,010.61","2,965.08","3,022.02","2,965.08",78.52M,1.87%
2021-02-16,"3,028.54","3,016.24","3,049.94","3,011.04",75.40M,0.60%
2021-02-17,"2,991.90","3,028.47","3,028.47","2,974.24",74.47M,-1.21%
2021-02-18,"2,939.87","2,989.36","2,997.90","2,939.87",69.91M,-1.74%
2021-02-19,"2,967.29","2,944.61","2,969.49","2,903.83",83.91M,0.93%
2021-02-22,"2,935.74","2,975.55","3,000.25","2,935.01",80.60M,-1.06%
2021-02-23,"2,927.53","2,922.85","2,953.48","2,891.33",76.70M,-0.28%
2021-02-24,"2,867.56","2,926.38","2,959.03","2,865.77",105.87M,-2.05%
2021-02-25,"2,979.92","2,903.44","2,980.06","2,903.44",90.64M,3.92%
2021-02-26,"2,885.52","2,971.03","2,971.03","2,864.62",123.57M,-3.17%
2021-03-02,"2,927.33","2,892.85","2,980.96","2,892.85",99.89M,1.45%
2021-03-03,"2,965.02","2,925.61","2,965.02","2,907.49",64.59M,1.29%
2021-03-04,"2,919.45","2,957.21","2,957.21","2,900.78",92.49M,-1.54%
2021-03-05,"2,902.66","2,913.63","2,916.38","2,860.09",84.42M,-0.58%
2021-03-08,"2,875.99","2,908.83","2,934.28","2,871.48",75.24M,-0.92%
2021-03-09,"2,860.04","2,868.27","2,876.10","2,811.52",100.66M,-0.55%
2021-03-10,"2,843.17","2,864.48","2,899.41","2,835.65",69.09M,-0.59%
2021-03-11,"2,901.63","2,850.06","2,918.08","2,850.06",81.55M,2.06%
2021-03-12,"2,933.75","2,920.81","2,950.23","2,920.38",56.04M,1.11%
2021-03-15,"2,917.24","2,937.13","2,944.62","2,916.09",52.76M,-0.56%
2021-03-16,"2,933.85","2,921.23","2,939.04","2,915.89",59.69M,0.57%
2021-03-17,"2,904.88","2,933.60","2,934.66","2,887.32",52.39M,-0.99%
2021-03-18,"2,930.61","2,911.96","2,958.44","2,911.96",71.22M,0.89%
2021-03-19,"2,895.91","2,929.15","2,929.15","2,883.54",66.06M,-1.18%
2021-03-22,"2,890.79","2,896.02","2,904.76","2,874.57",65.99M,-0.18%
2021-03-23,"2,862.09","2,892.43","2,913.50","2,859.95",61.42M,-0.99%
2021-03-24,"2,850.10","2,852.73","2,860.86","2,830.46",56.39M,-0.42%
2021-03-25,"2,858.63","2,849.73","2,877.51","2,838.32",55.89M,0.30%
2021-03-26,"2,884.54","2,863.14","2,885.07","2,856.49",62.62M,0.91%
2021-03-29,"2,876.13","2,891.93","2,896.66","2,863.51",54.55M,-0.29%
2021-03-30,"2,917.38","2,877.69","2,922.71","2,877.69",57.67M,1.43%
2021-03-31,"2,902.81","2,921.21","2,940.97","2,902.81",59.72M,-0.50%
2021-04-01,"2,941.97","2,916.40","2,942.48","2,916.40",62.75M,1.35%
2021-04-02,"2,975.44","2,963.62","2,984.67","2,963.62",62.84M,1.14%
2021-04-05,"2,980.62","2,985.00","2,994.36","2,961.54",60.02M,0.17%
2021-04-06,"2,989.14","2,982.79","3,002.50","2,971.86",70.40M,0.29%
2021-04-07,"2,993.25","2,992.06","3,006.43","2,980.53",65.84M,0.14%
2021-04-08,"2,993.45","2,993.00","2,995.42","2,977.78",68.93M,0.01%
2021-04-09,"2,971.86","2,996.61","3,005.87","2,964.37",77.86M,-0.72%
2021-04-12,"2,970.84","2,975.04","2,988.90","2,962.86",49.23M,-0.03%
2021-04-13,"3,011.36","2,972.25","3,016.39","2,969.86",60.09M,1.36%
2021-04-14,"3,022.01","3,011.38","3,029.45","3,006.09",53.08M,0.35%
2021-04-15,"3,038.71","3,019.78","3,051.33","3,019.78",79.88M,0.55%
2021-04-16,"3,034.47","3,035.91","3,050.37","3,024.36",71.40M,-0.14%
2021-04-19,"3,027.19","3,036.96","3,048.27","3,025.74",56.48M,-0.24%
2021-04-20,"3,041.58","3,026.69","3,041.64","3,022.98",54.58M,0.48%
2021-04-21,"2,979.85","3,032.57","3,032.57","2,975.89",73.80M,-2.03%
2021-04-22,"2,982.62","2,982.05","3,005.15","2,980.97",65.31M,0.09%
2021-04-23,"2,989.88","2,976.58","2,993.59","2,950.54",69.69M,0.24%
2021-04-26,"3,014.78","2,994.30","3,014.78","2,989.90",68.82M,0.83%
2021-04-27,"3,013.85","3,015.57","3,019.64","3,002.66",65.63M,-0.03%
2021-04-28,"2,979.56","3,014.42","3,016.64","2,975.86",71.91M,-1.14%
2021-04-29,"2,972.76","2,984.33","2,999.94","2,965.99",73.94M,-0.23%
2021-04-30,"2,940.72","2,974.02","2,974.02","2,936.27",77.09M,-1.08%
2021-05-03,"2,935.75","2,941.97","2,974.36","2,927.66",68.90M,-0.17%
2021-05-04,"2,963.61","2,940.55","2,963.61","2,925.04",59.08M,0.95%
2021-05-06,"2,973.56","2,963.45","2,973.56","2,946.91",75.48M,0.34%
2021-05-07,"2,983.00","2,971.71","2,993.61","2,965.61",57.65M,0.32%
2021-05-10,"3,025.16","2,986.34","3,033.68","2,986.34",65.12M,1.41%
2021-05-11,"2,969.36","3,016.01","3,016.01","2,960.21",89.90M,-1.84%
2021-05-12,"2,919.99","2,969.27","2,970.49","2,902.93",102.26M,-1.66%
2021-05-13,"2,881.94","2,903.86","2,909.90","2,869.68",104.09M,-1.30%
2021-05-14,"2,915.34","2,892.25","2,925.75","2,892.25",57.51M,1.16%
2021-05-17,"2,903.03","2,926.78","2,935.00","2,888.84",56.30M,-0.42%
2021-05-18,"2,938.01","2,903.00","2,944.30","2,903.00",57.02M,1.20%
2021-05-20,"2,927.96","2,941.68","2,941.68","2,912.65",59.47M,-0.34%
2021-05-21,"2,935.11","2,937.58","2,972.66","2,925.06",69.03M,0.24%
2021-05-24,"2,922.82","2,932.57","2,939.98","2,915.78",57.68M,-0.42%
2021-05-25,"2,946.08","2,932.35","2,949.36","2,925.09",54.22M,0.80%
2021-05-26,"2,935.18","2,946.91","2,955.55","2,929.43",58.14M,-0.37%
2021-05-27,"2,927.50","2,937.79","2,938.90","2,904.76",103.34M,-0.26%
2021-05-28,"2,951.06","2,934.10","2,963.10","2,933.03",62.93M,0.80%
2021-05-31,"2,964.66","2,953.69","2,965.48","2,940.82",55.90M,0.46%
2021-06-01,"2,981.80","2,965.82","2,995.13","2,957.32",56.27M,0.58%
2021-06-02,"2,973.25","2,983.71","2,997.73","2,966.60",61.69M,-0.29%
2021-06-03,"3,001.78","2,972.93","3,014.30","2,972.93",70.81M,0.96%
2021-06-04,"2,989.60","3,000.67","3,000.67","2,967.80",63.71M,-0.41%
2021-06-07,"2,994.86","2,994.24","3,017.08","2,979.78",63.88M,0.18%
2021-06-08,"2,995.59","2,994.28","3,009.43","2,983.87",56.73M,0.02%
2021-06-09,"2,961.05","2,991.20","2,991.20","2,961.05",56.53M,-1.15%
2021-06-10,"2,973.64","2,961.19","2,983.42","2,960.17",72.48M,0.43%
2021-06-11,"3,000.80","2,975.22","3,005.60","2,975.22",59.93M,0.91%
2021-06-14,"3,007.22","2,999.55","3,010.06","2,992.37",51.98M,0.21%
2021-06-15,"3,016.38","3,008.91","3,022.12","3,005.92",48.36M,0.30%
2021-06-16,"3,035.74","3,016.86","3,037.42","3,014.58",58.35M,0.64%
2021-06-17,"3,020.39","3,032.71","3,032.71","3,007.05",59.67M,-0.51%
2021-06-18,"3,023.29","3,020.62","3,037.73","3,020.19",70.65M,0.10%
2021-06-21,"3,003.15","3,020.55","3,020.55","2,989.14",86.19M,-0.67%
2021-06-22,"3,019.84","3,006.73","3,027.02","3,006.73",54.72M,0.56%
2021-06-23,"3,047.32","3,021.78","3,050.77","3,021.78",68.36M,0.91%
2021-06-24,"3,059.59","3,053.39","3,068.40","3,048.54",80.77M,0.40%
2021-06-25,"3,066.98","3,063.19","3,081.27","3,058.93",60.04M,0.24%
2021-06-28,"3,058.41","3,069.40","3,071.84","3,047.53",48.22M,-0.28%
2021-06-29,"3,041.72","3,062.55","3,062.55","3,031.57",54.33M,-0.55%
2021-06-30,"3,056.06","3,043.29","3,067.35","3,043.29",54.13M,0.47%
2021-07-01,"3,035.75","3,057.05","3,058.53","3,032.60",58.17M,-0.66%
2021-07-02,"3,030.31","3,034.65","3,045.40","3,026.33",48.10M,-0.18%
2021-07-05,"3,037.59","3,034.20","3,049.95","3,033.87",41.70M,0.24%
2021-07-06,"3,054.33","3,040.12","3,061.84","3,040.12",43.82M,0.55%
2021-07-07,"3,039.36","3,053.13","3,053.20","3,031.46",57.05M,-0.49%
2021-07-08,"3,014.86","3,041.33","3,052.25","3,014.49",66.48M,-0.81%
2021-07-09,"2,980.63","3,008.05","3,008.05","2,956.08",79.46M,-1.14%
2021-07-12,"3,004.97","2,991.54","3,010.32","2,991.54",40.57M,0.82%
2021-07-13,"3,031.08","3,012.89","3,034.32","3,012.89",42.84M,0.87%
2021-07-14,"3,023.31","3,029.50","3,029.50","3,012.19",42.51M,-0.26%
2021-07-15,"3,041.90","3,027.82","3,042.74","3,017.84",47.63M,0.61%
2021-07-16,"3,028.64","3,037.42","3,037.42","3,015.28",42.33M,-0.44%
2021-07-19,"2,992.75","3,009.50","3,009.50","2,986.54",46.20M,-1.19%
2021-07-20,"2,985.62","2,976.10","2,986.65","2,968.16",53.84M,-0.24%
2021-07-21,"2,963.02","3,003.56","3,004.51","2,962.58",53.13M,-0.76%
2021-07-22,"3,002.80","2,981.67","3,007.98","2,981.67",55.31M,1.34%
2021-07-23,"3,004.03","3,005.45","3,016.35","2,995.34",78.87M,0.04%
2021-07-26,"2,977.20","3,016.14","3,016.14","2,976.78",42.84M,-0.89%
2021-07-27,"2,982.89","2,997.05","3,003.40","2,980.70",43.58M,0.19%
2021-07-28,"2,989.87","2,974.97","2,991.26","2,963.62",50.78M,0.23%
2021-07-29,"2,991.60","2,999.28","3,002.92","2,982.25",45.85M,0.06%
2021-07-30,"2,949.94","2,981.70","2,982.09","2,949.94",53.80M,-1.39%
2021-08-02,"2,975.99","2,966.91","2,975.99","2,945.67",46.74M,0.88%
2021-08-03,"3,001.19","2,977.86","3,001.19","2,977.18",60.87M,0.85%
2021-08-04,"3,039.28","3,013.30","3,044.15","3,001.69",62.56M,1.27%
2021-08-05,"3,030.53","3,042.41","3,052.65","3,027.63",51.84M,-0.29%
2021-08-06,"3,018.00","3,030.82","3,042.18","3,011.02",47.06M,-0.41%
2021-08-09,"3,011.15","3,004.96","3,020.13","2,997.55",49.90M,-0.23%
2021-08-10,"2,989.34","3,020.26","3,020.26","2,980.08",66.68M,-0.72%
2021-08-11,"2,961.41","2,978.66","2,988.72","2,957.72",87.71M,-0.93%
2021-08-12,"2,943.93","2,950.24","2,966.03","2,937.10",108.54M,-0.59%
2021-08-13,"2,904.50","2,937.24","2,940.01","2,887.53",112.57M,-1.34%
2021-08-17,"2,877.34","2,899.53","2,913.56","2,868.92",87.57M,-0.94%
2021-08-18,"2,888.71","2,875.86","2,903.65","2,860.55",68.51M,0.40%
2021-08-19,"2,840.11","2,872.69","2,888.40","2,839.43",70.62M,-1.68%
2021-08-20,"2,812.44","2,850.91","2,861.25","2,801.60",69.66M,-0.97%
2021-08-23,"2,835.55","2,837.41","2,856.66","2,818.54",58.60M,0.82%
2021-08-24,"2,880.41","2,861.22","2,883.87","2,857.04",59.75M,1.58%
2021-08-25,"2,886.90","2,890.40","2,903.18","2,863.96",53.26M,0.23%
2021-08-26,"2,858.44","2,889.56","2,897.61","2,853.88",54.96M,-0.99%
2021-08-27,"2,854.01","2,844.91","2,863.30","2,830.24",44.33M,-0.15%
2021-08-30,"2,857.41","2,880.21","2,883.94","2,847.37",40.34M,0.12%
2021-08-31,"2,919.10","2,858.96","2,920.04","2,845.70",76.38M,2.16%
2021-09-01,"2,917.95","2,917.19","2,927.48","2,898.42",48.76M,-0.04%
2021-09-02,"2,888.44","2,912.09","2,917.96","2,880.02",45.94M,-1.01%
2021-09-03,"2,915.72","2,899.25","2,916.44","2,891.51",48.13M,0.94%
2021-09-06,"2,919.89","2,912.58","2,921.77","2,903.38",40.23M,0.14%
2021-09-07,"2,898.62","2,915.37","2,915.37","2,889.28",35.76M,-0.73%
2021-09-08,"2,868.31","2,887.08","2,892.86","2,859.78",63.07M,-1.05%
2021-09-09,"2,815.22","2,846.56","2,858.58","2,810.72",78.90M,-1.85%
2021-09-10,"2,821.60","2,818.32","2,830.22","2,805.34",57.87M,0.23%
2021-09-13,"2,825.58","2,810.71","2,834.52","2,804.15",51.33M,0.14%
2021-09-14,"2,842.00","2,832.57","2,859.15","2,831.30",78.13M,0.58%
2021-09-15,"2,843.40","2,839.36","2,856.25","2,829.38",53.44M,0.05%
2021-09-16,"2,813.39","2,852.00","2,854.66","2,809.51",49.31M,-1.06%
2021-09-17,"2,826.56","2,810.05","2,828.55","2,798.64",56.77M,0.47%
2021-09-23,"2,825.27","2,814.16","2,827.21","2,805.06",67.59M,-0.05%
2021-09-24,"2,824.39","2,836.02","2,841.23","2,819.50",51.61M,-0.03%
2021-09-27,"2,831.18","2,820.70","2,842.57","2,818.39",42.58M,0.24%
2021-09-28,"2,795.88","2,829.37","2,831.23","2,792.84",58.41M,-1.25%
2021-09-29,"2,756.40","2,756.84","2,771.00","2,733.28",68.12M,-1.41%
2021-09-30,"2,771.92","2,751.25","2,782.95","2,742.48",58.64M,0.56%
2021-10-01,"2,728.53","2,762.01","2,764.99","2,724.03",50.03M,-1.57%
2021-10-05,"2,671.97","2,706.94","2,706.94","2,655.55",74.06M,-2.07%
2021-10-06,"2,640.20","2,692.29","2,705.64","2,640.20",66.98M,-1.19%
2021-10-07,"2,681.70","2,666.89","2,687.87","2,659.26",55.87M,1.57%
2021-10-08,"2,680.16","2,699.69","2,700.06","2,675.19",55.22M,-0.06%
2021-10-12,"2,628.76","2,671.42","2,671.63","2,616.89",76.82M,-1.92%
2021-10-13,"2,650.66","2,623.28","2,662.11","2,620.33",59.08M,0.83%
2021-10-14,"2,691.05","2,673.82","2,691.36","2,667.90",56.24M,1.52%
2021-10-15,"2,714.93","2,714.26","2,724.26","2,702.61",53.89M,0.89%
2021-10-18,"2,706.56","2,716.07","2,722.36","2,691.03",39.88M,-0.31%
2021-10-19,"2,735.86","2,722.75","2,737.56","2,716.97",36.85M,1.08%
2021-10-20,"2,729.11","2,751.81","2,756.61","2,729.05",47.47M,-0.25%
2021-10-21,"2,723.16","2,727.27","2,739.98","2,717.13",44.79M,-0.22%
2021-10-22,"2,728.65","2,721.04","2,738.14","2,711.99",33.21M,0.20%
2021-10-25,"2,734.32","2,722.47","2,742.79","2,704.68",41.77M,0.21%
2021-10-26,"2,766.45","2,755.01","2,770.96","2,745.32",41.40M,1.18%
2021-10-27,"2,744.45","2,763.88","2,766.80","2,737.09",40.82M,-0.80%
2021-10-28,"2,739.73","2,741.97","2,766.29","2,739.73",71.35M,-0.17%
2021-10-29,"2,697.46","2,754.18","2,760.00","2,693.45",56.44M,-1.54%
2021-11-01,"2,712.14","2,710.71","2,721.89","2,701.43",38.66M,0.54%
2021-11-02,"2,745.92","2,728.98","2,769.28","2,728.98",44.71M,1.25%
2021-11-03,"2,708.10","2,751.04","2,751.53","2,701.03",46.48M,-1.38%
2021-11-04,"2,726.29","2,733.76","2,748.83","2,720.13",50.26M,0.67%
2021-11-05,"2,718.08","2,748.15","2,748.54","2,700.79",49.50M,-0.30%
2021-11-08,"2,708.29","2,717.61","2,717.61","2,680.40",47.23M,-0.36%
2021-11-09,"2,716.20","2,705.77","2,733.20","2,700.18",39.95M,0.29%
2021-11-10,"2,692.16","2,702.98","2,717.01","2,686.62",38.13M,-0.89%
2021-11-11,"2,695.75","2,675.85","2,696.25","2,668.49",52.13M,0.13%
2021-11-12,"2,722.27","2,719.81","2,734.17","2,705.69",42.34M,0.98%
2021-11-15,"2,752.20","2,743.84","2,762.02","2,736.81",47.05M,1.10%
2021-11-16,"2,751.65","2,749.97","2,768.94","2,741.21",45.26M,-0.02%
2021-11-17,"2,722.59","2,758.48","2,760.73","2,717.01",48.33M,-1.06%
2021-11-18,"2,709.34","2,718.55","2,726.96","2,701.11",43.28M,-0.49%
2021-11-19,"2,733.68","2,714.51","2,738.18","2,710.69",49.08M,0.90%
2021-11-22,"2,798.08","2,752.26","2,804.64","2,750.59",69.41M,2.36%
2021-11-23,"2,775.00","2,800.25","2,800.25","2,769.13",56.70M,-0.82%
2021-11-24,"2,768.85","2,785.53","2,796.75","2,752.70",46.52M,-0.22%
2021-11-25,"2,746.77","2,772.12","2,772.12","2,744.25",41.91M,-0.80%
2021-11-26,"2,700.81","2,736.77","2,752.70","2,693.90",52.63M,-1.67%
2021-11-29,"2,680.63","2,676.47","2,704.10","2,665.22",70.68M,-0.75%
2021-11-30,"2,626.14","2,703.39","2,712.39","2,610.19",116.32M,-2.03%
2021-12-01,"2,696.05","2,650.15","2,703.89","2,633.45",70.56M,2.66%
2021-12-02,"2,738.20","2,674.28","2,738.20","2,674.28",65.38M,1.56%
2021-12-03,"2,751.00","2,726.37","2,761.79","2,713.35",54.96M,0.47%
2021-12-06,"2,752.45","2,736.30","2,762.52","2,719.34",49.78M,0.05%
2021-12-07,"2,771.68","2,750.75","2,773.11","2,738.81",53.90M,0.70%
2021-12-08,"2,782.05","2,797.98","2,815.32","2,775.61",60.91M,0.37%
2021-12-09,"2,807.72","2,787.39","2,807.72","2,778.31",78.26M,0.92%
2021-12-10,"2,785.54","2,785.27","2,791.25","2,773.37",39.76M,-0.79%
2021-12-13,"2,778.76","2,795.63","2,823.89","2,775.82",48.56M,-0.24%
2021-12-14,"2,765.08","2,757.93","2,775.68","2,751.23",47.40M,-0.49%
2021-12-15,"2,768.66","2,754.17","2,768.66","2,746.39",34.65M,0.13%
2021-12-16,"2,784.76","2,793.13","2,797.65","2,767.64",41.69M,0.58%
2021-12-17,"2,788.98","2,760.92","2,790.38","2,760.30",59.55M,0.15%
2021-12-20,"2,733.09","2,770.45","2,771.10","2,731.32",40.55M,-2.00%
2021-12-21,"2,752.09","2,754.55","2,761.04","2,733.35",41.74M,0.70%
2021-12-22,"2,767.58","2,772.72","2,780.86","2,759.68",44.77M,0.56%
2021-12-23,"2,784.34","2,781.30","2,785.05","2,764.19",43.85M,0.61%
2021-12-24,"2,801.46","2,795.58","2,815.19","2,795.58",42.32M,0.61%
2021-12-27,"2,787.00","2,801.97","2,803.93","2,785.73",42.84M,-0.52%
2021-12-28,"2,807.03","2,793.85","2,807.03","2,777.70",76.76M,0.72%
2021-12-29,"2,772.23","2,790.05","2,792.23","2,765.27",72.48M,-1.24%
2021-12-30,"2,755.64","2,777.35","2,787.48","2,754.25",48.91M,-0.60%
2022-01-03,"2,764.07","2,777.21","2,795.08","2,756.32",41.06M,0.31%
2022-01-04,"2,759.84","2,768.24","2,773.63","2,749.82",52.34M,-0.15%
2022-01-05,"2,720.83","2,756.54","2,759.25","2,699.70",86.69M,-1.41%
2022-01-06,"2,693.30","2,693.71","2,721.18","2,687.15",63.11M,-1.01%
2022-01-07,"2,723.69","2,710.20","2,732.52","2,709.08",52.77M,1.13%
2022-01-10,"2,697.05","2,714.33","2,715.44","2,676.87",63.44M,-0.98%
2022-01-11,"2,715.25","2,705.38","2,719.41","2,694.19",64.87M,0.67%
2022-01-12,"2,755.19","2,740.17","2,756.74","2,737.14",57.41M,1.47%
2022-01-13,"2,740.95","2,763.03","2,763.03","2,737.36",58.90M,-0.52%
2022-01-14,"2,699.85","2,715.40","2,724.99","2,690.65",54.96M,-1.50%
2022-01-17,"2,676.42","2,695.68","2,698.07","2,659.47",60.20M,-0.87%
2022-01-18,"2,660.86","2,685.59","2,691.27","2,652.66",45.84M,-0.58%
2022-01-19,"2,638.64","2,636.55","2,663.20","2,627.54",56.86M,-0.84%
2022-01-20,"2,653.36","2,633.88","2,654.04","2,624.98",50.79M,0.56%
2022-01-21,"2,624.00","2,626.87","2,634.12","2,604.60",58.97M,-1.11%
2022-01-24,"2,594.56","2,612.64","2,618.53","2,581.33",49.95M,-1.12%
2022-01-25,"2,535.85","2,586.38","2,589.68","2,516.31",64.39M,-2.26%
2022-01-26,"2,521.85","2,545.43","2,554.01","2,518.50",50.38M,-0.55%
2022-01-27,"2,436.98","2,521.85","2,536.68","2,436.15",83.84M,-3.37%
2022-01-28,"2,501.10","2,446.99","2,507.81","2,430.34",70.27M,2.63%
2022-02-03,"2,521.99","2,545.24","2,558.34","2,521.99",63.40M,0.84%
2022-02-04,"2,552.35","2,534.25","2,559.53","2,525.28",48.37M,1.20%
2022-02-07,"2,524.14","2,545.73","2,545.73","2,500.19",57.52M,-1.11%
2022-02-08,"2,526.32","2,543.77","2,552.07","2,509.46",52.57M,0.09%
2022-02-09,"2,559.56","2,551.64","2,559.56","2,543.39",52.93M,1.32%
2022-02-10,"2,586.36","2,585.64","2,592.94","2,567.00",67.89M,1.05%
2022-02-11,"2,569.14","2,558.37","2,586.19","2,553.33",81.27M,-0.67%
2022-02-14,"2,532.30","2,538.10","2,550.29","2,513.71",55.96M,-1.43%
2022-02-15,"2,517.64","2,542.13","2,544.33","2,506.02",44.58M,-0.58%
2022-02-16,"2,563.51","2,556.43","2,564.89","2,545.39",44.69M,1.82%
2022-02-17,"2,579.34","2,568.58","2,601.42","2,552.94",60.30M,0.62%
2022-02-18,"2,565.09","2,550.68","2,570.91","2,541.55",40.23M,-0.55%
2022-02-21,"2,560.72","2,525.43","2,564.70","2,509.92",37.82M,-0.17%
2022-02-22,"2,526.67","2,523.41","2,532.50","2,505.74",44.32M,-1.33%
2022-02-23,"2,525.77","2,544.91","2,546.49","2,513.76",36.92M,-0.04%
2022-02-24,"2,457.31","2,493.69","2,496.60","2,449.67",61.57M,-2.71%
2022-02-25,"2,477.26","2,482.59","2,494.31","2,467.67",50.73M,0.81%
2022-02-28,"2,496.85","2,462.62","2,496.85","2,454.69",61.89M,0.79%
2022-03-02,"2,485.91","2,496.60","2,501.06","2,479.90",51.30M,-0.44%
2022-03-03,"2,532.88","2,513.77","2,535.49","2,512.97",48.72M,1.89%
2022-03-04,"2,483.92","2,518.88","2,519.19","2,477.50",44.20M,-1.93%
2022-03-07,"2,421.65","2,444.40","2,444.40","2,412.86",57.91M,-2.51%
2022-03-08,"2,399.46","2,385.30","2,422.04","2,378.82",53.33M,-0.92%
2022-03-10,"2,461.74","2,433.87","2,464.44","2,433.87",74.21M,2.60%
2022-03-11,"2,433.07","2,445.55","2,449.82","2,418.99",51.84M,-1.16%
2022-03-14,"2,430.60","2,428.97","2,441.00","2,418.23",48.23M,-0.10%
2022-03-15,"2,409.75","2,415.29","2,428.19","2,405.95",47.89M,-0.86%
2022-03-16,"2,444.13","2,437.05","2,446.06","2,415.69",40.65M,1.43%
2022-03-17,"2,488.46","2,491.81","2,506.72","2,488.25",64.70M,1.81%
2022-03-18,"2,491.68","2,486.12","2,495.78","2,472.82",60.22M,0.13%
2022-03-21,"2,464.09","2,502.17","2,502.17","2,461.58",43.32M,-1.11%
2022-03-22,"2,484.70","2,462.74","2,487.95","2,462.74",45.62M,0.84%
2022-03-23,"2,509.38","2,502.78","2,520.58","2,495.31",47.40M,0.99%
2022-03-24,"2,495.05","2,486.63","2,495.99","2,475.67",68.51M,-0.57%
2022-03-25,"2,486.81","2,506.13","2,506.13","2,481.31",46.62M,-0.33%
2022-03-28,"2,485.64","2,476.19","2,493.70","2,461.41",39.36M,-0.05%
2022-03-29,"2,503.43","2,500.99","2,513.08","2,491.89",42.92M,0.72%
2022-03-30,"2,510.97","2,521.78","2,525.31","2,505.05",43.85K,0.30%
2022-03-31,"2,515.99","2,507.10","2,527.44","2,505.55",42.67M,0.20%
2022-04-01,"2,496.53","2,503.29","2,503.29","2,485.98",45.51M,-0.77%
2022-04-04,"2,508.09","2,485.82","2,509.24","2,476.67",33.11M,0.46%
2022-04-05,"2,507.56","2,516.16","2,521.10","2,500.33",34.67M,-0.02%
2022-04-06,"2,478.80","2,486.41","2,492.48","2,476.18",49.26M,-1.15%
2022-04-07,"2,443.47","2,460.39","2,464.94","2,440.04",58.80M,-1.43%
2022-04-08,"2,442.64","2,451.21","2,457.22","2,430.63",47.98M,-0.03%
2022-04-11,"2,439.79","2,431.03","2,453.24","2,426.28",43.21M,-0.12%
2022-04-12,"2,414.94","2,422.73","2,433.86","2,408.95",43.39M,-1.02%
2022-04-13,"2,462.12","2,424.67","2,465.53","2,421.61",42.87M,1.95%
2022-04-14,"2,446.06","2,462.05","2,462.49","2,438.70",48.72M,-0.65%
2022-04-15,"2,417.95","2,424.01","2,428.66","2,412.56",37.98M,-1.15%
2022-04-18,"2,417.10","2,405.80","2,424.79","2,401.49",29.94M,-0.04%
2022-04-19,"2,444.02","2,433.71","2,454.34","2,431.00",37.44M,1.11%
2022-04-20,"2,446.77","2,443.16","2,451.65","2,428.11",47.45M,0.11%
2022-04-21,"2,454.75","2,450.71","2,467.56","2,450.71",40.59M,0.33%
2022-04-22,"2,428.47","2,429.24","2,432.58","2,417.22",42.07M,-1.07%
2022-04-25,"2,385.59","2,400.72","2,407.53","2,385.16",46.34M,-1.77%
2022-04-26,"2,399.45","2,403.09","2,411.12","2,397.87",48.09K,0.58%
2022-04-27,"2,366.59","2,369.87","2,370.34","2,352.71",56.74M,-1.37%
2022-04-28,"2,394.02","2,384.67","2,394.02","2,366.01",61.41M,1.16%
2022-04-29,"2,431.60","2,395.78","2,433.61","2,392.34",66.41M,1.57%
2022-05-02,"2,421.39","2,404.94","2,425.28","2,403.14",37.98M,-0.42%
2022-05-03,"2,417.73","2,423.17","2,439.22","2,415.08",39.61M,-0.15%
2022-05-04,"2,420.83","2,428.86","2,438.00","2,408.89",36.86M,0.13%
2022-05-06,"2,383.38","2,395.42","2,395.42","2,377.40",43.93M,-1.55%
2022-05-09,"2,362.61","2,374.84","2,388.82","2,359.48",37.27M,-0.87%
2022-05-10,"2,351.66","2,349.58","2,358.77","2,318.77",52.73M,-0.46%
2022-05-11,"2,352.80","2,342.05","2,360.06","2,334.72",42.68M,0.05%
2022-05-12,"2,312.77","2,329.16","2,346.95","2,311.40",58.69M,-1.70%
2022-05-13,"2,365.42","2,329.32","2,368.18","2,324.11",52.96M,2.28%
2022-05-16,"2,351.99","2,383.72","2,389.23","2,350.26",38.40M,-0.57%
2022-05-17,"2,378.38","2,361.78","2,381.48","2,360.40",40.79M,1.12%
2022-05-18,"2,387.05","2,394.53","2,406.33","2,378.22",67.35M,0.36%
2022-05-19,"2,352.12","2,335.16","2,358.83","2,334.22",57.32M,-1.46%
2022-05-20,"2,395.87","2,363.65","2,398.85","2,362.47",44.29M,1.86%
2022-05-23,"2,401.46","2,408.20","2,409.91","2,388.81",37.15M,0.23%
2022-05-24,"2,354.82","2,391.57","2,395.39","2,354.82",47.54M,-1.94%
2022-05-25,"2,364.03","2,370.85","2,377.79","2,352.52",43.77M,0.39%
2022-05-26,"2,350.26","2,363.86","2,386.73","2,339.57",47.31M,-0.58%
2022-05-27,"2,375.91","2,379.41","2,384.50","2,369.99",38.01M,1.09%
2022-05-30,"2,409.34","2,400.63","2,411.70","2,388.90",38.30M,1.41%
2022-05-31,"2,422.86","2,403.00","2,424.85","2,388.83",93.70M,0.56%
2022-06-02,"2,394.46","2,407.69","2,412.01","2,387.12",46.30M,-1.17%
2022-06-03,"2,402.73","2,415.25","2,418.84","2,399.18",29.98M,0.35%
2022-06-07,"2,355.17","2,386.79","2,390.36","2,351.31",49.44M,-1.98%
2022-06-08,"2,361.19","2,361.86","2,374.79","2,355.30",45.73M,0.26%
2022-06-09,"2,364.48","2,356.58","2,366.76","2,345.12",70.37M,0.14%
2022-06-10,"2,328.45","2,333.41","2,338.47","2,320.21",52.64M,-1.52%
2022-06-13,"2,246.95","2,285.21","2,285.69","2,246.95",63.27M,-3.50%
2022-06-14,"2,235.81","2,219.12","2,243.27","2,203.75",63.73M,-0.50%
2022-06-15,"2,197.37","2,231.88","2,235.63","2,184.20",64.01M,-1.72%
2022-06-16,"2,197.71","2,229.74","2,244.95","2,192.65",59.10M,0.02%
2022-06-17,"2,182.97","2,156.64","2,186.55","2,147.24",97.90M,-0.67%
2022-06-20,"2,148.46","2,191.50","2,191.50","2,129.84",64.90M,-1.58%
2022-06-21,"2,159.27","2,158.02","2,176.07","2,144.21",50.78M,0.50%
2022-06-22,"2,105.28","2,166.45","2,166.46","2,105.28",59.60M,-2.50%
2022-06-23,"2,093.02","2,108.22","2,126.31","2,084.88",70.94M,-0.58%
2022-06-24,"2,137.36","2,107.31","2,146.36","2,100.77",57.21M,2.12%
2022-06-27,"2,163.14","2,153.45","2,184.91","2,136.36",54.13M,1.21%
2022-06-28,"2,181.09","2,166.68","2,181.09","2,153.70",45.44M,0.83%
2022-06-29,"2,130.34","2,146.29","2,151.16","2,128.87",54.97M,-2.33%
2022-06-30,"2,088.88","2,117.52","2,118.48","2,088.88",56.60M,-1.95%
2022-07-01,"2,061.85","2,096.77","2,109.71","2,049.12",60.36M,-1.29%
2022-07-04,"2,068.56","2,064.15","2,076.57","2,045.21",47.98M,0.33%
2022-07-05,"2,105.59","2,090.72","2,113.17","2,080.97",48.24M,1.79%
2022-07-06,"2,067.37","2,093.31","2,101.76","2,065.35",65.88M,-1.82%
2022-07-07,"2,108.71","2,079.01","2,121.00","2,079.01",59.18M,2.00%
2022-07-08,"2,122.77","2,126.46","2,140.01","2,118.65",47.13M,0.67%
2022-07-11,"2,112.68","2,128.42","2,136.53","2,110.50",37.61M,-0.48%
2022-07-12,"2,094.77","2,103.43","2,107.60","2,083.72",35.96M,-0.85%
2022-07-13,"2,106.48","2,103.60","2,120.49","2,098.33",39.90M,0.56%
2022-07-14,"2,098.59","2,093.32","2,117.06","2,088.72",45.12M,-0.37%
2022-07-15,"2,120.66","2,113.64","2,121.42","2,080.65",52.39M,1.05%
2022-07-18,"2,167.71","2,144.24","2,169.42","2,140.18",52.01M,2.22%
2022-07-19,"2,159.62","2,156.68","2,160.93","2,145.15",37.18M,-0.37%
2022-07-20,"2,175.06","2,198.39","2,201.90","2,171.95",49.71M,0.71%
2022-07-21,"2,203.14","2,176.91","2,206.49","2,176.91",40.89M,1.29%
2022-07-22,"2,183.42","2,198.99","2,210.07","2,181.02",37.88M,-0.90%
2022-07-25,"2,189.42","2,176.61","2,202.30","2,176.61",33.40M,0.27%
2022-07-26,"2,196.94","2,181.51","2,199.08","2,178.27",26.31M,0.34%
2022-07-27,"2,196.25","2,198.98","2,199.45","2,179.46",34.80M,-0.03%
2022-07-28,"2,209.51","2,218.51","2,222.59","2,203.99",44.55M,0.60%
2022-07-29,"2,215.37","2,227.87","2,238.14","2,206.48",49.10M,0.27%
2022-08-01,"2,211.67","2,207.12","2,220.07","2,197.13",35.90M,-0.17%
2022-08-02,"2,201.92","2,209.89","2,211.22","2,192.80",35.55M,-0.44%
2022-08-03,"2,219.82","2,201.42","2,219.82","2,193.80",34.70M,0.81%
2022-08-04,"2,236.05","2,236.50","2,242.73","2,226.98",43.97M,0.73%
2022-08-05,"2,248.92","2,245.48","2,255.85","2,240.73",39.51M,0.58%
2022-08-08,"2,244.20","2,237.56","2,246.02","2,232.02",41.13M,-0.21%
2022-08-09,"2,253.34","2,245.22","2,256.88","2,232.31",47.39M,0.41%
2022-08-10,"2,220.74","2,237.76","2,237.76","2,217.05",46.04M,-1.45%
2022-08-11,"2,261.46","2,248.74","2,261.46","2,245.49",56.14M,1.83%
2022-08-12,"2,263.89","2,254.46","2,267.42","2,252.72",39.64M,0.11%
2022-08-16,"2,272.91","2,278.88","2,285.69","2,266.34",43.52M,0.40%
2022-08-17,"2,259.30","2,274.05","2,280.70","2,254.41",35.51M,-0.60%
2022-08-18,"2,247.25","2,240.48","2,255.58","2,229.77",43.14M,-0.53%
2022-08-19,"2,232.88","2,248.84","2,249.54","2,227.45",62.43M,-0.64%
2022-08-22,"2,205.22","2,208.10","2,216.30","2,198.61",35.55M,-1.24%
2022-08-23,"2,173.68","2,191.51","2,196.18","2,170.34",35.74M,-1.43%
2022-08-24,"2,177.95","2,183.89","2,189.39","2,168.60",35.61M,0.20%
2022-08-25,"2,203.38","2,189.47","2,203.38","2,182.04",28.18M,1.17%
2022-08-26,"2,202.72","2,215.36","2,223.84","2,199.03",30.97M,-0.03%
2022-08-29,"2,149.55","2,159.91","2,159.91","2,142.30",35.96M,-2.41%
2022-08-30,"2,174.56","2,161.20","2,178.95","2,155.86",29.78M,1.16%
2022-08-31,"2,202.27","2,157.30","2,204.75","2,153.45",53.00M,1.27%
2022-09-01,"2,149.68","2,171.39","2,171.39","2,148.91",48.45M,-2.39%
2022-09-02,"2,133.90","2,159.64","2,161.74","2,128.81",43.83M,-0.73%
2022-09-05,"2,131.43","2,135.17","2,149.84","2,121.02",32.77M,-0.12%
2022-09-06,"2,133.13","2,136.83","2,146.71","2,123.74",25.03M,0.08%
2022-09-07,"2,103.88","2,117.16","2,119.40","2,092.66",44.38M,-1.37%
2022-09-08,"2,111.37","2,117.40","2,120.03","2,105.10",49.08M,0.36%
2022-09-13,"2,181.82","2,142.90","2,187.27","2,142.90",52.35M,3.34%
2022-09-14,"2,142.74","2,121.44","2,151.35","2,116.19",40.02M,-1.79%
2022-09-15,"2,123.79","2,144.55","2,149.22","2,123.79",35.23M,-0.88%
2022-09-16,"2,112.14","2,109.26","2,116.46","2,100.86",48.45M,-0.55%
2022-09-19,"2,100.53","2,118.30","2,119.93","2,093.78",33.77M,-0.55%
2022-09-20,"2,102.53","2,114.27","2,121.86","2,097.90",39.78M,0.10%
2022-09-21,"2,080.38","2,085.71","2,089.60","2,074.00",35.73M,-1.05%
2022-09-22,"2,055.56","2,051.07","2,059.46","2,041.96",39.99M,-1.19%
2022-09-23,"2,033.17","2,054.74","2,059.03","2,026.69",40.50M,-1.09%
2022-09-26,"1,985.16","2,004.42","2,005.91","1,980.74",56.89M,-2.36%
2022-09-27,"1,983.55","1,987.71","1,991.33","1,961.56",53.22M,-0.08%
2022-09-28,"1,937.74","1,966.46","1,978.73","1,922.66",60.40M,-2.31%
2022-09-29,"1,934.65","1,961.20","1,968.15","1,934.40",47.84M,-0.16%
2022-09-30,"1,926.97","1,928.74","1,947.05","1,905.81",63.77M,-0.40%
2022-10-04,"1,971.54","1,960.37","1,977.33","1,955.44",55.25M,2.31%
2022-10-05,"1,980.83","2,011.26","2,015.32","1,969.36",70.51M,0.47%
2022-10-06,"1,994.52","1,996.11","2,010.22","1,987.92",43.65M,0.69%
2022-10-07,"1,988.37","1,974.43","2,000.52","1,971.23",61.84M,-0.31%
2022-10-11,"1,957.70","1,944.83","1,957.70","1,932.21",60.53M,-1.54%
2022-10-12,"1,971.62","1,961.11","1,974.24","1,952.43",55.04M,0.71%
2022-10-13,"1,946.05","1,966.15","1,968.63","1,946.05",52.57M,-1.30%
2022-10-14,"1,989.43","1,980.60","1,996.78","1,971.98",50.79M,2.23%
2022-10-17,"1,989.84","1,964.94","1,994.12","1,959.77",55.43M,0.02%
2022-10-18,"2,015.12","2,015.04","2,017.49","1,989.69",53.44M,1.27%
2022-10-19,"1,999.87","2,012.67","2,026.94","1,997.98",51.54M,-0.76%
2022-10-20,"1,977.25","1,984.25","1,986.77","1,960.43",58.61M,-1.13%
2022-10-21,"1,983.78","1,971.19","1,994.98","1,971.19",40.39M,0.33%
2022-10-24,"2,002.07","2,017.81","2,018.91","1,995.98",50.30M,0.92%
2022-10-25,"2,008.34","1,999.54","2,022.47","1,994.90",49.03M,0.31%
2022-10-26,"2,025.45","2,012.88","2,035.43","2,007.46",56.03M,0.85%
2022-10-27,"2,056.77","2,039.08","2,061.03","2,033.00",59.84M,1.55%
2022-10-28,"2,027.32","2,040.55","2,052.62","2,024.86",59.84M,-1.43%
2022-10-31,"2,064.24","2,052.91","2,067.79","2,040.94",56.75M,1.82%
2022-11-01,"2,091.25","2,069.56","2,092.26","2,064.71",48.67M,1.31%
2022-11-02,"2,093.85","2,082.17","2,102.67","2,079.63",76.69M,0.12%
2022-11-03,"2,077.39","2,055.28","2,092.57","2,047.56",60.91M,-0.79%
2022-11-04,"2,093.51","2,073.14","2,093.51","2,061.91",57.86M,0.78%
2022-11-07,"2,120.05","2,107.36","2,122.08","2,101.49",47.91M,1.27%
2022-11-08,"2,149.42","2,135.89","2,153.15","2,129.38",63.30M,1.39%
2022-11-09,"2,173.18","2,158.22","2,178.63","2,152.04",64.13M,1.11%
2022-11-10,"2,143.32","2,154.09","2,168.69","2,143.32",62.17M,-1.37%
2022-11-11,"2,230.61","2,209.37","2,234.04","2,208.60",118.79M,4.07%
2022-11-14,"2,216.35","2,232.13","2,242.05","2,212.43",84.57M,-0.64%
2022-11-15,"2,218.94","2,225.17","2,226.49","2,202.15",49.41M,0.12%
2022-11-16,"2,214.50","2,223.44","2,223.44","2,188.39",54.69M,-0.20%
2022-11-17,"2,177.79","2,197.08","2,199.94","2,177.79",44.55M,-1.66%
2022-11-18,"2,180.43","2,184.83","2,206.15","2,177.35",45.03M,0.12%
2022-11-21,"2,163.21","2,180.72","2,183.03","2,151.18",37.07M,-0.79%
2022-11-22,"2,139.24","2,149.20","2,164.16","2,137.88",37.38M,-1.11%
2022-11-23,"2,151.72","2,160.23","2,163.52","2,142.97",38.28M,0.58%
2022-11-24,"2,177.65","2,170.81","2,178.02","2,163.01",32.69M,1.21%
2022-11-25,"2,168.34","2,176.31","2,184.39","2,166.47",30.54M,-0.43%
2022-11-28,"2,142.76","2,153.27","2,153.95","2,134.80",35.00M,-1.18%
2022-11-29,"2,165.21","2,139.59","2,165.86","2,134.77",30.94M,1.05%
2022-11-30,"2,206.80","2,157.14","2,206.80","2,156.33",73.99M,1.92%
2022-12-01,"2,212.66","2,239.69","2,239.69","2,209.87",56.47M,0.27%
2022-12-02,"2,163.91","2,203.27","2,203.27","2,163.91",47.97M,-2.20%
2022-12-05,"2,153.97","2,171.52","2,177.01","2,148.12",53.33M,-0.46%
2022-12-06,"2,129.15","2,131.71","2,148.38","2,126.70",42.87M,-1.15%
2022-12-07,"2,113.56","2,121.24","2,127.75","2,112.90",41.99M,-0.73%
2022-12-08,"2,114.35","2,117.14","2,119.53","2,100.12",54.37M,0.04%
2022-12-09,"2,137.42","2,124.90","2,141.57","2,118.72",52.30M,1.09%
2022-12-12,"2,124.20","2,119.78","2,132.86","2,117.22",33.92M,-0.62%
2022-12-13,"2,121.18","2,134.60","2,138.19","2,114.43",41.42M,-0.14%
2022-12-14,"2,147.09","2,129.46","2,148.93","2,128.08",37.25M,1.22%
2022-12-15,"2,104.33","2,127.66","2,134.37","2,104.33",39.82M,-1.99%
2022-12-16,"2,104.10","2,074.18","2,104.10","2,072.89",49.93M,-0.01%
2022-12-19,"2,099.16","2,095.74","2,107.14","2,088.20",32.54M,-0.23%
2022-12-20,"2,079.42","2,090.08","2,095.28","2,071.61",32.53M,-0.94%
2022-12-21,"2,070.13","2,090.95","2,090.98","2,068.49",31.93M,-0.45%
2022-12-22,"2,099.00","2,080.03","2,099.00","2,073.35",165.53M,1.39%
2022-12-23,"2,061.11","2,067.71","2,075.28","2,056.88",36.73M,-1.81%
2022-12-26,"2,062.42","2,058.21","2,067.69","2,051.47",29.69M,0.06%
2022-12-27,"2,074.06","2,073.36","2,081.36","2,065.13",48.15M,0.56%
2022-12-28,"2,021.15","2,040.17","2,040.17","2,017.95",59.97M,-2.55%
2022-12-29,"1,983.70","2,007.14","2,015.03","1,983.70",44.10M,-1.85%
2023-01-02,"1,981.70","1,996.43","2,009.31","1,978.00",37.89M,-0.10%
2023-01-03,"1,983.11","1,987.94","1,992.87","1,948.26",42.79M,0.07%
2023-01-04,"2,033.90","1,975.39","2,039.48","1,975.39",53.47M,2.56%
2023-01-05,"2,049.92","2,047.54","2,061.35","2,038.29",61.87K,0.79%
2023-01-06,"2,076.39","2,043.38","2,086.97","2,043.20",53.45K,1.29%
